dataset,path,file_name,video_key,video_id,class_name,label,fake_probability,prediction
CelebDF_v2,D:\資料\專題\PY\deepfake\研討會(二)\CelebDF_v2_balanced_test\test\fake\fake_id0_id16_0003_f000052.png,fake_id0_id16_0003_f000052.png,fake::fake_id0_id16_0003,fake_id0_id16_0003,fake,1,0.48157191276550293,0
CelebDF_v2,D:\資料\專題\PY\deepfake\研討會(二)\CelebDF_v2_balanced_test\test\fake\fake_id0_id16_0003_f000090.png,fake_id0_id16_0003_f000090.png,fake::fake_id0_id16_0003,fake_id0_id16_0003,fake,1,0.5129556059837341,1
CelebDF_v2,D:\資料\專題\PY\deepfake\研討會(二)\CelebDF_v2_balanced_test\test\fake\fake_id0_id16_0003_f000128.png,fake_id0_id16_0003_f000128.png,fake::fake_id0_id16_0003,fake_id0_id16_0003,fake,1,0.4966455101966858,0
CelebDF_v2,D:\資料\專題\PY\deepfake\研討會(二)\CelebDF_v2_balanced_test\test\fake\fake_id0_id16_0007_f000047.png,fake_id0_id16_0007_f000047.png,fake::fake_id0_id16_0007,fake_id0_id16_0007,fake,1,0.5590041875839233,1
CelebDF_v2,D:\資料\專題\PY\deepfake\研討會(二)\CelebDF_v2_balanced_test\test\fake\fake_id0_id16_0007_f000081.png,fake_id0_id16_0007_f000081.png,fake::fake_id0_id16_0007,fake_id0_id16_0007,fake,1,0.5323035717010498,1
CelebDF_v2,D:\資料\專題\PY\deepfake\研討會(二)\CelebDF_v2_balanced_test\test\fake\fake_id0_id16_0007_f000116.png,fake_id0_id16_0007_f000116.png,fake::fake_id0_id16_0007,fake_id0_id16_0007,fake,1,0.5552241802215576,1
CelebDF_v2,D:\資料\專題\PY\deepfake\研討會(二)\CelebDF_v2_balanced_test\test\fake\fake_id0_id1_0001_f000030.png,fake_id0_id1_0001_f000030.png,fake::fake_id0_id1_0001,fake_id0_id1_0001,fake,1,0.4946977496147156,0
CelebDF_v2,D:\資料\專題\PY\deepfake\研討會(二)\CelebDF_v2_balanced_test\test\fake\fake_id0_id1_0001_f000051.png,fake_id0_id1_0001_f000051.png,fake::fake_id0_id1_0001,fake_id0_id1_0001,fake,1,0.504963755607605,1
CelebDF_v2,D:\資料\專題\PY\deepfake\研討會(二)\CelebDF_v2_balanced_test\test\fake\fake_id0_id1_0001_f000073.png,fake_id0_id1_0001_f000073.png,fake::fake_id0_id1_0001,fake_id0_id1_0001,fake,1,0.5129746794700623,1
CelebDF_v2,D:\資料\專題\PY\deepfake\研討會(二)\CelebDF_v2_balanced_test\test\fake\fake_id0_id1_0005_f000045.png,fake_id0_id1_0005_f000045.png,fake::fake_id0_id1_0005,fake_id0_id1_0005,fake,1,0.5039069056510925,1
CelebDF_v2,D:\資料\專題\PY\deepfake\研討會(二)\CelebDF_v2_balanced_test\test\fake\fake_id0_id1_0005_f000078.png,fake_id0_id1_0005_f000078.png,fake::fake_id0_id1_0005,fake_id0_id1_0005,fake,1,0.5097243189811707,1
CelebDF_v2,D:\資料\專題\PY\deepfake\研討會(二)\CelebDF_v2_balanced_test\test\fake\fake_id0_id1_0005_f000111.png,fake_id0_id1_0005_f000111.png,fake::fake_id0_id1_0005,fake_id0_id1_0005,fake,1,0.49472397565841675,0
CelebDF_v2,D:\資料\專題\PY\deepfake\研討會(二)\CelebDF_v2_balanced_test\test\fake\fake_id0_id26_0009_f000052.png,fake_id0_id26_0009_f000052.png,fake::fake_id0_id26_0009,fake_id0_id26_0009,fake,1,0.5114706754684448,1
CelebDF_v2,D:\資料\專題\PY\deepfake\研討會(二)\CelebDF_v2_balanced_test\test\fake\fake_id0_id26_0009_f000089.png,fake_id0_id26_0009_f000089.png,fake::fake_id0_id26_0009,fake_id0_id26_0009,fake,1,0.5052312016487122,1
CelebDF_v2,D:\資料\專題\PY\deepfake\研討會(二)\CelebDF_v2_balanced_test\test\fake\fake_id0_id26_0009_f000127.png,fake_id0_id26_0009_f000127.png,fake::fake_id0_id26_0009,fake_id0_id26_0009,fake,1,0.508073091506958,1
CelebDF_v2,D:\資料\專題\PY\deepfake\研討會(二)\CelebDF_v2_balanced_test\test\fake\fake_id0_id6_0007_f000047.png,fake_id0_id6_0007_f000047.png,fake::fake_id0_id6_0007,fake_id0_id6_0007,fake,1,0.5021557807922363,1
CelebDF_v2,D:\資料\專題\PY\deepfake\研討會(二)\CelebDF_v2_balanced_test\test\fake\fake_id0_id6_0007_f000081.png,fake_id0_id6_0007_f000081.png,fake::fake_id0_id6_0007,fake_id0_id6_0007,fake,1,0.4959951937198639,0
CelebDF_v2,D:\資料\專題\PY\deepfake\研討會(二)\CelebDF_v2_balanced_test\test\fake\fake_id0_id6_0007_f000116.png,fake_id0_id6_0007_f000116.png,fake::fake_id0_id6_0007,fake_id0_id6_0007,fake,1,0.47782066464424133,0
CelebDF_v2,D:\資料\專題\PY\deepfake\研討會(二)\CelebDF_v2_balanced_test\test\fake\fake_id10_id11_0001_f000010.png,fake_id10_id11_0001_f000010.png,fake::fake_id10_id11_0001,fake_id10_id11_0001,fake,1,0.5251709222793579,1
CelebDF_v2,D:\資料\專題\PY\deepfake\研討會(二)\CelebDF_v2_balanced_test\test\fake\fake_id10_id11_0001_f000017.png,fake_id10_id11_0001_f000017.png,fake::fake_id10_id11_0001,fake_id10_id11_0001,fake,1,0.523861825466156,1
CelebDF_v2,D:\資料\專題\PY\deepfake\研討會(二)\CelebDF_v2_balanced_test\test\fake\fake_id10_id11_0001_f000025.png,fake_id10_id11_0001_f000025.png,fake::fake_id10_id11_0001,fake_id10_id11_0001,fake,1,0.521273136138916,1
CelebDF_v2,D:\資料\專題\PY\deepfake\研討會(二)\CelebDF_v2_balanced_test\test\fake\fake_id10_id12_0001_f000010.png,fake_id10_id12_0001_f000010.png,fake::fake_id10_id12_0001,fake_id10_id12_0001,fake,1,0.5430601835250854,1
CelebDF_v2,D:\資料\專題\PY\deepfake\研討會(二)\CelebDF_v2_balanced_test\test\fake\fake_id10_id12_0001_f000017.png,fake_id10_id12_0001_f000017.png,fake::fake_id10_id12_0001,fake_id10_id12_0001,fake,1,0.536176323890686,1
CelebDF_v2,D:\資料\專題\PY\deepfake\研討會(二)\CelebDF_v2_balanced_test\test\fake\fake_id10_id12_0001_f000025.png,fake_id10_id12_0001_f000025.png,fake::fake_id10_id12_0001,fake_id10_id12_0001,fake,1,0.5485072135925293,1
CelebDF_v2,D:\資料\專題\PY\deepfake\研討會(二)\CelebDF_v2_balanced_test\test\fake\fake_id10_id13_0004_f000051.png,fake_id10_id13_0004_f000051.png,fake::fake_id10_id13_0004,fake_id10_id13_0004,fake,1,0.4742887318134308,0
CelebDF_v2,D:\資料\專題\PY\deepfake\研討會(二)\CelebDF_v2_balanced_test\test\fake\fake_id10_id13_0004_f000088.png,fake_id10_id13_0004_f000088.png,fake::fake_id10_id13_0004,fake_id10_id13_0004,fake,1,0.4730638563632965,0
CelebDF_v2,D:\資料\專題\PY\deepfake\研討會(二)\CelebDF_v2_balanced_test\test\fake\fake_id10_id13_0004_f000126.png,fake_id10_id13_0004_f000126.png,fake::fake_id10_id13_0004,fake_id10_id13_0004,fake,1,0.4707898497581482,0
CelebDF_v2,D:\資料\專題\PY\deepfake\研討會(二)\CelebDF_v2_balanced_test\test\fake\fake_id10_id13_0007_f000049.png,fake_id10_id13_0007_f000049.png,fake::fake_id10_id13_0007,fake_id10_id13_0007,fake,1,0.5283889174461365,1
CelebDF_v2,D:\資料\專題\PY\deepfake\研討會(二)\CelebDF_v2_balanced_test\test\fake\fake_id10_id13_0007_f000085.png,fake_id10_id13_0007_f000085.png,fake::fake_id10_id13_0007,fake_id10_id13_0007,fake,1,0.5581764578819275,1
CelebDF_v2,D:\資料\專題\PY\deepfake\研討會(二)\CelebDF_v2_balanced_test\test\fake\fake_id10_id13_0007_f000121.png,fake_id10_id13_0007_f000121.png,fake::fake_id10_id13_0007,fake_id10_id13_0007,fake,1,0.5567761659622192,1
CelebDF_v2,D:\資料\專題\PY\deepfake\研討會(二)\CelebDF_v2_balanced_test\test\fake\fake_id10_id7_0008_f000038.png,fake_id10_id7_0008_f000038.png,fake::fake_id10_id7_0008,fake_id10_id7_0008,fake,1,0.4987497329711914,0
CelebDF_v2,D:\資料\專題\PY\deepfake\研討會(二)\CelebDF_v2_balanced_test\test\fake\fake_id10_id7_0008_f000065.png,fake_id10_id7_0008_f000065.png,fake::fake_id10_id7_0008,fake_id10_id7_0008,fake,1,0.5121893286705017,1
CelebDF_v2,D:\資料\專題\PY\deepfake\研討會(二)\CelebDF_v2_balanced_test\test\fake\fake_id10_id7_0008_f000093.png,fake_id10_id7_0008_f000093.png,fake::fake_id10_id7_0008,fake_id10_id7_0008,fake,1,0.5007008910179138,1
CelebDF_v2,D:\資料\專題\PY\deepfake\研討會(二)\CelebDF_v2_balanced_test\test\fake\fake_id12_id10_0002_f000036.png,fake_id12_id10_0002_f000036.png,fake::fake_id12_id10_0002,fake_id12_id10_0002,fake,1,0.5508188009262085,1
CelebDF_v2,D:\資料\專題\PY\deepfake\研討會(二)\CelebDF_v2_balanced_test\test\fake\fake_id12_id10_0002_f000062.png,fake_id12_id10_0002_f000062.png,fake::fake_id12_id10_0002,fake_id12_id10_0002,fake,1,0.530852198600769,1
CelebDF_v2,D:\資料\專題\PY\deepfake\研討會(二)\CelebDF_v2_balanced_test\test\fake\fake_id12_id10_0002_f000088.png,fake_id12_id10_0002_f000088.png,fake::fake_id12_id10_0002,fake_id12_id10_0002,fake,1,0.5445137619972229,1
CelebDF_v2,D:\資料\專題\PY\deepfake\研討會(二)\CelebDF_v2_balanced_test\test\fake\fake_id12_id7_0006_f000030.png,fake_id12_id7_0006_f000030.png,fake::fake_id12_id7_0006,fake_id12_id7_0006,fake,1,0.5239456295967102,1
CelebDF_v2,D:\資料\專題\PY\deepfake\研討會(二)\CelebDF_v2_balanced_test\test\fake\fake_id12_id7_0006_f000052.png,fake_id12_id7_0006_f000052.png,fake::fake_id12_id7_0006,fake_id12_id7_0006,fake,1,0.4876314401626587,0
CelebDF_v2,D:\資料\專題\PY\deepfake\研討會(二)\CelebDF_v2_balanced_test\test\fake\fake_id12_id7_0006_f000074.png,fake_id12_id7_0006_f000074.png,fake::fake_id12_id7_0006,fake_id12_id7_0006,fake,1,0.4866097867488861,0
CelebDF_v2,D:\資料\專題\PY\deepfake\研討會(二)\CelebDF_v2_balanced_test\test\fake\fake_id13_id10_0005_f000030.png,fake_id13_id10_0005_f000030.png,fake::fake_id13_id10_0005,fake_id13_id10_0005,fake,1,0.5164278149604797,1
CelebDF_v2,D:\資料\專題\PY\deepfake\研討會(二)\CelebDF_v2_balanced_test\test\fake\fake_id13_id10_0005_f000052.png,fake_id13_id10_0005_f000052.png,fake::fake_id13_id10_0005,fake_id13_id10_0005,fake,1,0.5243414044380188,1
CelebDF_v2,D:\資料\專題\PY\deepfake\研討會(二)\CelebDF_v2_balanced_test\test\fake\fake_id13_id10_0005_f000074.png,fake_id13_id10_0005_f000074.png,fake::fake_id13_id10_0005,fake_id13_id10_0005,fake,1,0.5534902215003967,1
CelebDF_v2,D:\資料\專題\PY\deepfake\研討會(二)\CelebDF_v2_balanced_test\test\fake\fake_id16_id0_0011_f000027.png,fake_id16_id0_0011_f000027.png,fake::fake_id16_id0_0011,fake_id16_id0_0011,fake,1,0.47440290451049805,0
CelebDF_v2,D:\資料\專題\PY\deepfake\研討會(二)\CelebDF_v2_balanced_test\test\fake\fake_id16_id0_0011_f000046.png,fake_id16_id0_0011_f000046.png,fake::fake_id16_id0_0011,fake_id16_id0_0011,fake,1,0.4845515787601471,0
CelebDF_v2,D:\資料\專題\PY\deepfake\研討會(二)\CelebDF_v2_balanced_test\test\fake\fake_id16_id0_0011_f000066.png,fake_id16_id0_0011_f000066.png,fake::fake_id16_id0_0011,fake_id16_id0_0011,fake,1,0.4770059883594513,0
CelebDF_v2,D:\資料\專題\PY\deepfake\研討會(二)\CelebDF_v2_balanced_test\test\fake\fake_id16_id1_0011_f000027.png,fake_id16_id1_0011_f000027.png,fake::fake_id16_id1_0011,fake_id16_id1_0011,fake,1,0.4993934631347656,0
CelebDF_v2,D:\資料\專題\PY\deepfake\研討會(二)\CelebDF_v2_balanced_test\test\fake\fake_id16_id1_0011_f000046.png,fake_id16_id1_0011_f000046.png,fake::fake_id16_id1_0011,fake_id16_id1_0011,fake,1,0.5072645545005798,1
CelebDF_v2,D:\資料\專題\PY\deepfake\研討會(二)\CelebDF_v2_balanced_test\test\fake\fake_id16_id1_0011_f000066.png,fake_id16_id1_0011_f000066.png,fake::fake_id16_id1_0011,fake_id16_id1_0011,fake,1,0.4916885495185852,0
CelebDF_v2,D:\資料\專題\PY\deepfake\研討會(二)\CelebDF_v2_balanced_test\test\fake\fake_id16_id20_0000_f000031.png,fake_id16_id20_0000_f000031.png,fake::fake_id16_id20_0000,fake_id16_id20_0000,fake,1,0.5069833397865295,1
CelebDF_v2,D:\資料\專題\PY\deepfake\研討會(二)\CelebDF_v2_balanced_test\test\fake\fake_id16_id20_0000_f000054.png,fake_id16_id20_0000_f000054.png,fake::fake_id16_id20_0000,fake_id16_id20_0000,fake,1,0.4877038896083832,0
CelebDF_v2,D:\資料\專題\PY\deepfake\研討會(二)\CelebDF_v2_balanced_test\test\fake\fake_id16_id20_0000_f000077.png,fake_id16_id20_0000_f000077.png,fake::fake_id16_id20_0000,fake_id16_id20_0000,fake,1,0.526228666305542,1
CelebDF_v2,D:\資料\專題\PY\deepfake\研討會(二)\CelebDF_v2_balanced_test\test\fake\fake_id16_id20_0006_f000022.png,fake_id16_id20_0006_f000022.png,fake::fake_id16_id20_0006,fake_id16_id20_0006,fake,1,0.5078824162483215,1
CelebDF_v2,D:\資料\專題\PY\deepfake\研討會(二)\CelebDF_v2_balanced_test\test\fake\fake_id16_id20_0006_f000038.png,fake_id16_id20_0006_f000038.png,fake::fake_id16_id20_0006,fake_id16_id20_0006,fake,1,0.5057170391082764,1
CelebDF_v2,D:\資料\專題\PY\deepfake\研討會(二)\CelebDF_v2_balanced_test\test\fake\fake_id16_id20_0006_f000054.png,fake_id16_id20_0006_f000054.png,fake::fake_id16_id20_0006,fake_id16_id20_0006,fake,1,0.5157304406166077,1
CelebDF_v2,D:\資料\專題\PY\deepfake\研討會(二)\CelebDF_v2_balanced_test\test\fake\fake_id16_id20_0012_f000030.png,fake_id16_id20_0012_f000030.png,fake::fake_id16_id20_0012,fake_id16_id20_0012,fake,1,0.5102295875549316,1
CelebDF_v2,D:\資料\專題\PY\deepfake\研討會(二)\CelebDF_v2_balanced_test\test\fake\fake_id16_id20_0012_f000052.png,fake_id16_id20_0012_f000052.png,fake::fake_id16_id20_0012,fake_id16_id20_0012,fake,1,0.545966625213623,1
CelebDF_v2,D:\資料\專題\PY\deepfake\研討會(二)\CelebDF_v2_balanced_test\test\fake\fake_id16_id20_0012_f000074.png,fake_id16_id20_0012_f000074.png,fake::fake_id16_id20_0012,fake_id16_id20_0012,fake,1,0.5365557670593262,1
CelebDF_v2,D:\資料\專題\PY\deepfake\研討會(二)\CelebDF_v2_balanced_test\test\fake\fake_id16_id21_0002_f000036.png,fake_id16_id21_0002_f000036.png,fake::fake_id16_id21_0002,fake_id16_id21_0002,fake,1,0.4746996760368347,0
CelebDF_v2,D:\資料\專題\PY\deepfake\研討會(二)\CelebDF_v2_balanced_test\test\fake\fake_id16_id21_0002_f000062.png,fake_id16_id21_0002_f000062.png,fake::fake_id16_id21_0002,fake_id16_id21_0002,fake,1,0.46898823976516724,0
CelebDF_v2,D:\資料\專題\PY\deepfake\研討會(二)\CelebDF_v2_balanced_test\test\fake\fake_id16_id21_0002_f000088.png,fake_id16_id21_0002_f000088.png,fake::fake_id16_id21_0002,fake_id16_id21_0002,fake,1,0.47242483496665955,0
CelebDF_v2,D:\資料\專題\PY\deepfake\研討會(二)\CelebDF_v2_balanced_test\test\fake\fake_id16_id23_0011_f000027.png,fake_id16_id23_0011_f000027.png,fake::fake_id16_id23_0011,fake_id16_id23_0011,fake,1,0.4916008412837982,0
CelebDF_v2,D:\資料\專題\PY\deepfake\研討會(二)\CelebDF_v2_balanced_test\test\fake\fake_id16_id23_0011_f000046.png,fake_id16_id23_0011_f000046.png,fake::fake_id16_id23_0011,fake_id16_id23_0011,fake,1,0.5000591278076172,1
CelebDF_v2,D:\資料\專題\PY\deepfake\研討會(二)\CelebDF_v2_balanced_test\test\fake\fake_id16_id23_0011_f000066.png,fake_id16_id23_0011_f000066.png,fake::fake_id16_id23_0011,fake_id16_id23_0011,fake,1,0.4840371012687683,0
CelebDF_v2,D:\資料\專題\PY\deepfake\研討會(二)\CelebDF_v2_balanced_test\test\fake\fake_id16_id28_0005_f000034.png,fake_id16_id28_0005_f000034.png,fake::fake_id16_id28_0005,fake_id16_id28_0005,fake,1,0.4705921709537506,0
CelebDF_v2,D:\資料\專題\PY\deepfake\研討會(二)\CelebDF_v2_balanced_test\test\fake\fake_id16_id28_0005_f000059.png,fake_id16_id28_0005_f000059.png,fake::fake_id16_id28_0005,fake_id16_id28_0005,fake,1,0.47079741954803467,0
CelebDF_v2,D:\資料\專題\PY\deepfake\研討會(二)\CelebDF_v2_balanced_test\test\fake\fake_id16_id28_0005_f000084.png,fake_id16_id28_0005_f000084.png,fake::fake_id16_id28_0005,fake_id16_id28_0005,fake,1,0.4638388752937317,0
CelebDF_v2,D:\資料\專題\PY\deepfake\研討會(二)\CelebDF_v2_balanced_test\test\fake\fake_id16_id2_0001_f000031.png,fake_id16_id2_0001_f000031.png,fake::fake_id16_id2_0001,fake_id16_id2_0001,fake,1,0.4570912718772888,0
CelebDF_v2,D:\資料\專題\PY\deepfake\研討會(二)\CelebDF_v2_balanced_test\test\fake\fake_id16_id2_0001_f000053.png,fake_id16_id2_0001_f000053.png,fake::fake_id16_id2_0001,fake_id16_id2_0001,fake,1,0.4715046286582947,0
CelebDF_v2,D:\資料\專題\PY\deepfake\研討會(二)\CelebDF_v2_balanced_test\test\fake\fake_id16_id2_0001_f000076.png,fake_id16_id2_0001_f000076.png,fake::fake_id16_id2_0001,fake_id16_id2_0001,fake,1,0.46962666511535645,0
CelebDF_v2,D:\資料\專題\PY\deepfake\研討會(二)\CelebDF_v2_balanced_test\test\fake\fake_id16_id2_0006_f000022.png,fake_id16_id2_0006_f000022.png,fake::fake_id16_id2_0006,fake_id16_id2_0006,fake,1,0.4822271764278412,0
CelebDF_v2,D:\資料\專題\PY\deepfake\研討會(二)\CelebDF_v2_balanced_test\test\fake\fake_id16_id2_0006_f000038.png,fake_id16_id2_0006_f000038.png,fake::fake_id16_id2_0006,fake_id16_id2_0006,fake,1,0.5019140243530273,1
CelebDF_v2,D:\資料\專題\PY\deepfake\研討會(二)\CelebDF_v2_balanced_test\test\fake\fake_id16_id2_0006_f000054.png,fake_id16_id2_0006_f000054.png,fake::fake_id16_id2_0006,fake_id16_id2_0006,fake,1,0.5000362396240234,1
CelebDF_v2,D:\資料\專題\PY\deepfake\研討會(二)\CelebDF_v2_balanced_test\test\fake\fake_id16_id2_0011_f000027.png,fake_id16_id2_0011_f000027.png,fake::fake_id16_id2_0011,fake_id16_id2_0011,fake,1,0.4656076729297638,0
CelebDF_v2,D:\資料\專題\PY\deepfake\研討會(二)\CelebDF_v2_balanced_test\test\fake\fake_id16_id2_0011_f000046.png,fake_id16_id2_0011_f000046.png,fake::fake_id16_id2_0011,fake_id16_id2_0011,fake,1,0.4724096357822418,0
CelebDF_v2,D:\資料\專題\PY\deepfake\研討會(二)\CelebDF_v2_balanced_test\test\fake\fake_id16_id2_0011_f000066.png,fake_id16_id2_0011_f000066.png,fake::fake_id16_id2_0011,fake_id16_id2_0011,fake,1,0.46185103058815,0
CelebDF_v2,D:\資料\專題\PY\deepfake\研討會(二)\CelebDF_v2_balanced_test\test\fake\fake_id16_id3_0010_f000032.png,fake_id16_id3_0010_f000032.png,fake::fake_id16_id3_0010,fake_id16_id3_0010,fake,1,0.4743648171424866,0
CelebDF_v2,D:\資料\專題\PY\deepfake\研討會(二)\CelebDF_v2_balanced_test\test\fake\fake_id16_id3_0010_f000055.png,fake_id16_id3_0010_f000055.png,fake::fake_id16_id3_0010,fake_id16_id3_0010,fake,1,0.4818119406700134,0
CelebDF_v2,D:\資料\專題\PY\deepfake\研討會(二)\CelebDF_v2_balanced_test\test\fake\fake_id16_id3_0010_f000079.png,fake_id16_id3_0010_f000079.png,fake::fake_id16_id3_0010,fake_id16_id3_0010,fake,1,0.4694594442844391,0
CelebDF_v2,D:\資料\專題\PY\deepfake\研討會(二)\CelebDF_v2_balanced_test\test\fake\fake_id16_id6_0001_f000031.png,fake_id16_id6_0001_f000031.png,fake::fake_id16_id6_0001,fake_id16_id6_0001,fake,1,0.4633076786994934,0
CelebDF_v2,D:\資料\專題\PY\deepfake\研討會(二)\CelebDF_v2_balanced_test\test\fake\fake_id16_id6_0001_f000053.png,fake_id16_id6_0001_f000053.png,fake::fake_id16_id6_0001,fake_id16_id6_0001,fake,1,0.47298774123191833,0
CelebDF_v2,D:\資料\專題\PY\deepfake\研討會(二)\CelebDF_v2_balanced_test\test\fake\fake_id16_id6_0001_f000076.png,fake_id16_id6_0001_f000076.png,fake::fake_id16_id6_0001,fake_id16_id6_0001,fake,1,0.47385504841804504,0
CelebDF_v2,D:\資料\專題\PY\deepfake\研討會(二)\CelebDF_v2_balanced_test\test\fake\fake_id17_id0_0000_f000030.png,fake_id17_id0_0000_f000030.png,fake::fake_id17_id0_0000,fake_id17_id0_0000,fake,1,0.480295866727829,0
CelebDF_v2,D:\資料\專題\PY\deepfake\研討會(二)\CelebDF_v2_balanced_test\test\fake\fake_id17_id0_0000_f000052.png,fake_id17_id0_0000_f000052.png,fake::fake_id17_id0_0000,fake_id17_id0_0000,fake,1,0.4880203306674957,0
CelebDF_v2,D:\資料\專題\PY\deepfake\研討會(二)\CelebDF_v2_balanced_test\test\fake\fake_id17_id0_0000_f000074.png,fake_id17_id0_0000_f000074.png,fake::fake_id17_id0_0000,fake_id17_id0_0000,fake,1,0.49375852942466736,0
CelebDF_v2,D:\資料\專題\PY\deepfake\研討會(二)\CelebDF_v2_balanced_test\test\fake\fake_id17_id16_0000_f000030.png,fake_id17_id16_0000_f000030.png,fake::fake_id17_id16_0000,fake_id17_id16_0000,fake,1,0.5087271332740784,1
CelebDF_v2,D:\資料\專題\PY\deepfake\研討會(二)\CelebDF_v2_balanced_test\test\fake\fake_id17_id16_0000_f000052.png,fake_id17_id16_0000_f000052.png,fake::fake_id17_id16_0000,fake_id17_id16_0000,fake,1,0.5041561126708984,1
CelebDF_v2,D:\資料\專題\PY\deepfake\研討會(二)\CelebDF_v2_balanced_test\test\fake\fake_id17_id16_0000_f000074.png,fake_id17_id16_0000_f000074.png,fake::fake_id17_id16_0000,fake_id17_id16_0000,fake,1,0.5078156590461731,1
CelebDF_v2,D:\資料\專題\PY\deepfake\研討會(二)\CelebDF_v2_balanced_test\test\fake\fake_id17_id16_0007_f000027.png,fake_id17_id16_0007_f000027.png,fake::fake_id17_id16_0007,fake_id17_id16_0007,fake,1,0.542227029800415,1
CelebDF_v2,D:\資料\專題\PY\deepfake\研討會(二)\CelebDF_v2_balanced_test\test\fake\fake_id17_id16_0007_f000046.png,fake_id17_id16_0007_f000046.png,fake::fake_id17_id16_0007,fake_id17_id16_0007,fake,1,0.5248513221740723,1
CelebDF_v2,D:\資料\專題\PY\deepfake\研討會(二)\CelebDF_v2_balanced_test\test\fake\fake_id17_id16_0007_f000066.png,fake_id17_id16_0007_f000066.png,fake::fake_id17_id16_0007,fake_id17_id16_0007,fake,1,0.5194261074066162,1
CelebDF_v2,D:\資料\專題\PY\deepfake\研討會(二)\CelebDF_v2_balanced_test\test\fake\fake_id17_id1_0000_f000030.png,fake_id17_id1_0000_f000030.png,fake::fake_id17_id1_0000,fake_id17_id1_0000,fake,1,0.48279106616973877,0
CelebDF_v2,D:\資料\專題\PY\deepfake\研討會(二)\CelebDF_v2_balanced_test\test\fake\fake_id17_id1_0000_f000052.png,fake_id17_id1_0000_f000052.png,fake::fake_id17_id1_0000,fake_id17_id1_0000,fake,1,0.48619431257247925,0
CelebDF_v2,D:\資料\專題\PY\deepfake\研討會(二)\CelebDF_v2_balanced_test\test\fake\fake_id17_id1_0000_f000074.png,fake_id17_id1_0000_f000074.png,fake::fake_id17_id1_0000,fake_id17_id1_0000,fake,1,0.4990558326244354,0
CelebDF_v2,D:\資料\專題\PY\deepfake\研討會(二)\CelebDF_v2_balanced_test\test\fake\fake_id17_id21_0000_f000030.png,fake_id17_id21_0000_f000030.png,fake::fake_id17_id21_0000,fake_id17_id21_0000,fake,1,0.500645637512207,1
CelebDF_v2,D:\資料\專題\PY\deepfake\研討會(二)\CelebDF_v2_balanced_test\test\fake\fake_id17_id21_0000_f000052.png,fake_id17_id21_0000_f000052.png,fake::fake_id17_id21_0000,fake_id17_id21_0000,fake,1,0.5010719299316406,1
CelebDF_v2,D:\資料\專題\PY\deepfake\研討會(二)\CelebDF_v2_balanced_test\test\fake\fake_id17_id21_0000_f000074.png,fake_id17_id21_0000_f000074.png,fake::fake_id17_id21_0000,fake_id17_id21_0000,fake,1,0.5018634796142578,1
CelebDF_v2,D:\資料\專題\PY\deepfake\研討會(二)\CelebDF_v2_balanced_test\test\fake\fake_id17_id23_0000_f000030.png,fake_id17_id23_0000_f000030.png,fake::fake_id17_id23_0000,fake_id17_id23_0000,fake,1,0.4900621175765991,0
CelebDF_v2,D:\資料\專題\PY\deepfake\研討會(二)\CelebDF_v2_balanced_test\test\fake\fake_id17_id23_0000_f000052.png,fake_id17_id23_0000_f000052.png,fake::fake_id17_id23_0000,fake_id17_id23_0000,fake,1,0.5094192624092102,1
CelebDF_v2,D:\資料\專題\PY\deepfake\研討會(二)\CelebDF_v2_balanced_test\test\fake\fake_id17_id23_0000_f000074.png,fake_id17_id23_0000_f000074.png,fake::fake_id17_id23_0000,fake_id17_id23_0000,fake,1,0.5028123259544373,1
CelebDF_v2,D:\資料\專題\PY\deepfake\研討會(二)\CelebDF_v2_balanced_test\test\fake\fake_id17_id23_0009_f000029.png,fake_id17_id23_0009_f000029.png,fake::fake_id17_id23_0009,fake_id17_id23_0009,fake,1,0.47708970308303833,0
CelebDF_v2,D:\資料\專題\PY\deepfake\研討會(二)\CelebDF_v2_balanced_test\test\fake\fake_id17_id23_0009_f000050.png,fake_id17_id23_0009_f000050.png,fake::fake_id17_id23_0009,fake_id17_id23_0009,fake,1,0.5358575582504272,1
CelebDF_v2,D:\資料\專題\PY\deepfake\研討會(二)\CelebDF_v2_balanced_test\test\fake\fake_id17_id23_0009_f000072.png,fake_id17_id23_0009_f000072.png,fake::fake_id17_id23_0009,fake_id17_id23_0009,fake,1,0.5204353928565979,1
CelebDF_v2,D:\資料\專題\PY\deepfake\研討會(二)\CelebDF_v2_balanced_test\test\fake\fake_id17_id2_0003_f000024.png,fake_id17_id2_0003_f000024.png,fake::fake_id17_id2_0003,fake_id17_id2_0003,fake,1,0.5172203779220581,1
CelebDF_v2,D:\資料\專題\PY\deepfake\研討會(二)\CelebDF_v2_balanced_test\test\fake\fake_id17_id2_0003_f000041.png,fake_id17_id2_0003_f000041.png,fake::fake_id17_id2_0003,fake_id17_id2_0003,fake,1,0.5101456642150879,1
CelebDF_v2,D:\資料\專題\PY\deepfake\研討會(二)\CelebDF_v2_balanced_test\test\fake\fake_id17_id2_0003_f000059.png,fake_id17_id2_0003_f000059.png,fake::fake_id17_id2_0003,fake_id17_id2_0003,fake,1,0.5294990539550781,1
CelebDF_v2,D:\資料\專題\PY\deepfake\研討會(二)\CelebDF_v2_balanced_test\test\fake\fake_id17_id2_0007_f000027.png,fake_id17_id2_0007_f000027.png,fake::fake_id17_id2_0007,fake_id17_id2_0007,fake,1,0.518085241317749,1
CelebDF_v2,D:\資料\專題\PY\deepfake\研討會(二)\CelebDF_v2_balanced_test\test\fake\fake_id17_id2_0007_f000046.png,fake_id17_id2_0007_f000046.png,fake::fake_id17_id2_0007,fake_id17_id2_0007,fake,1,0.5067611336708069,1
CelebDF_v2,D:\資料\專題\PY\deepfake\研討會(二)\CelebDF_v2_balanced_test\test\fake\fake_id17_id2_0007_f000066.png,fake_id17_id2_0007_f000066.png,fake::fake_id17_id2_0007,fake_id17_id2_0007,fake,1,0.5035614371299744,1
CelebDF_v2,D:\資料\專題\PY\deepfake\研討會(二)\CelebDF_v2_balanced_test\test\fake\fake_id17_id31_0009_f000029.png,fake_id17_id31_0009_f000029.png,fake::fake_id17_id31_0009,fake_id17_id31_0009,fake,1,0.5432267785072327,1
CelebDF_v2,D:\資料\專題\PY\deepfake\研討會(二)\CelebDF_v2_balanced_test\test\fake\fake_id17_id31_0009_f000050.png,fake_id17_id31_0009_f000050.png,fake::fake_id17_id31_0009,fake_id17_id31_0009,fake,1,0.5166831016540527,1
CelebDF_v2,D:\資料\專題\PY\deepfake\研討會(二)\CelebDF_v2_balanced_test\test\fake\fake_id17_id31_0009_f000072.png,fake_id17_id31_0009_f000072.png,fake::fake_id17_id31_0009,fake_id17_id31_0009,fake,1,0.464840829372406,0
CelebDF_v2,D:\資料\專題\PY\deepfake\研討會(二)\CelebDF_v2_balanced_test\test\fake\fake_id17_id3_0000_f000030.png,fake_id17_id3_0000_f000030.png,fake::fake_id17_id3_0000,fake_id17_id3_0000,fake,1,0.4798997640609741,0
CelebDF_v2,D:\資料\專題\PY\deepfake\研討會(二)\CelebDF_v2_balanced_test\test\fake\fake_id17_id3_0000_f000052.png,fake_id17_id3_0000_f000052.png,fake::fake_id17_id3_0000,fake_id17_id3_0000,fake,1,0.48849692940711975,0
CelebDF_v2,D:\資料\專題\PY\deepfake\研討會(二)\CelebDF_v2_balanced_test\test\fake\fake_id17_id3_0000_f000074.png,fake_id17_id3_0000_f000074.png,fake::fake_id17_id3_0000,fake_id17_id3_0000,fake,1,0.48707106709480286,0
CelebDF_v2,D:\資料\專題\PY\deepfake\研討會(二)\CelebDF_v2_balanced_test\test\fake\fake_id17_id9_0000_f000030.png,fake_id17_id9_0000_f000030.png,fake::fake_id17_id9_0000,fake_id17_id9_0000,fake,1,0.4921366572380066,0
CelebDF_v2,D:\資料\專題\PY\deepfake\研討會(二)\CelebDF_v2_balanced_test\test\fake\fake_id17_id9_0000_f000052.png,fake_id17_id9_0000_f000052.png,fake::fake_id17_id9_0000,fake_id17_id9_0000,fake,1,0.49398261308670044,0
CelebDF_v2,D:\資料\專題\PY\deepfake\研討會(二)\CelebDF_v2_balanced_test\test\fake\fake_id17_id9_0000_f000074.png,fake_id17_id9_0000_f000074.png,fake::fake_id17_id9_0000,fake_id17_id9_0000,fake,1,0.490134596824646,0
CelebDF_v2,D:\資料\專題\PY\deepfake\研討會(二)\CelebDF_v2_balanced_test\test\fake\fake_id1_id0_0007_f000032.png,fake_id1_id0_0007_f000032.png,fake::fake_id1_id0_0007,fake_id1_id0_0007,fake,1,0.4970121681690216,0
CelebDF_v2,D:\資料\專題\PY\deepfake\研討會(二)\CelebDF_v2_balanced_test\test\fake\fake_id1_id0_0007_f000055.png,fake_id1_id0_0007_f000055.png,fake::fake_id1_id0_0007,fake_id1_id0_0007,fake,1,0.5020895004272461,1
CelebDF_v2,D:\資料\專題\PY\deepfake\研討會(二)\CelebDF_v2_balanced_test\test\fake\fake_id1_id0_0007_f000079.png,fake_id1_id0_0007_f000079.png,fake::fake_id1_id0_0007,fake_id1_id0_0007,fake,1,0.5011129379272461,1
CelebDF_v2,D:\資料\專題\PY\deepfake\研討會(二)\CelebDF_v2_balanced_test\test\fake\fake_id1_id16_0004_f000040.png,fake_id1_id16_0004_f000040.png,fake::fake_id1_id16_0004,fake_id1_id16_0004,fake,1,0.47552159428596497,0
CelebDF_v2,D:\資料\專題\PY\deepfake\研討會(二)\CelebDF_v2_balanced_test\test\fake\fake_id1_id16_0004_f000069.png,fake_id1_id16_0004_f000069.png,fake::fake_id1_id16_0004,fake_id1_id16_0004,fake,1,0.49148261547088623,0
CelebDF_v2,D:\資料\專題\PY\deepfake\研討會(二)\CelebDF_v2_balanced_test\test\fake\fake_id1_id16_0004_f000099.png,fake_id1_id16_0004_f000099.png,fake::fake_id1_id16_0004,fake_id1_id16_0004,fake,1,0.4779805541038513,0
CelebDF_v2,D:\資料\專題\PY\deepfake\研討會(二)\CelebDF_v2_balanced_test\test\fake\fake_id1_id16_0007_f000032.png,fake_id1_id16_0007_f000032.png,fake::fake_id1_id16_0007,fake_id1_id16_0007,fake,1,0.5156618356704712,1
CelebDF_v2,D:\資料\專題\PY\deepfake\研討會(二)\CelebDF_v2_balanced_test\test\fake\fake_id1_id16_0007_f000055.png,fake_id1_id16_0007_f000055.png,fake::fake_id1_id16_0007,fake_id1_id16_0007,fake,1,0.5215549468994141,1
CelebDF_v2,D:\資料\專題\PY\deepfake\研討會(二)\CelebDF_v2_balanced_test\test\fake\fake_id1_id16_0007_f000079.png,fake_id1_id16_0007_f000079.png,fake::fake_id1_id16_0007,fake_id1_id16_0007,fake,1,0.4893185794353485,0
CelebDF_v2,D:\資料\專題\PY\deepfake\研討會(二)\CelebDF_v2_balanced_test\test\fake\fake_id1_id20_0001_f000027.png,fake_id1_id20_0001_f000027.png,fake::fake_id1_id20_0001,fake_id1_id20_0001,fake,1,0.5242424607276917,1
CelebDF_v2,D:\資料\專題\PY\deepfake\研討會(二)\CelebDF_v2_balanced_test\test\fake\fake_id1_id20_0001_f000046.png,fake_id1_id20_0001_f000046.png,fake::fake_id1_id20_0001,fake_id1_id20_0001,fake,1,0.48529478907585144,0
CelebDF_v2,D:\資料\專題\PY\deepfake\研討會(二)\CelebDF_v2_balanced_test\test\fake\fake_id1_id20_0001_f000066.png,fake_id1_id20_0001_f000066.png,fake::fake_id1_id20_0001,fake_id1_id20_0001,fake,1,0.4751182198524475,0
CelebDF_v2,D:\資料\專題\PY\deepfake\研討會(二)\CelebDF_v2_balanced_test\test\fake\fake_id1_id20_0002_f000040.png,fake_id1_id20_0002_f000040.png,fake::fake_id1_id20_0002,fake_id1_id20_0002,fake,1,0.47921425104141235,0
CelebDF_v2,D:\資料\專題\PY\deepfake\研討會(二)\CelebDF_v2_balanced_test\test\fake\fake_id1_id20_0002_f000069.png,fake_id1_id20_0002_f000069.png,fake::fake_id1_id20_0002,fake_id1_id20_0002,fake,1,0.4848107397556305,0
CelebDF_v2,D:\資料\專題\PY\deepfake\研討會(二)\CelebDF_v2_balanced_test\test\fake\fake_id1_id20_0002_f000098.png,fake_id1_id20_0002_f000098.png,fake::fake_id1_id20_0002,fake_id1_id20_0002,fake,1,0.47876492142677307,0
CelebDF_v2,D:\資料\專題\PY\deepfake\研討會(二)\CelebDF_v2_balanced_test\test\fake\fake_id1_id23_0006_f000050.png,fake_id1_id23_0006_f000050.png,fake::fake_id1_id23_0006,fake_id1_id23_0006,fake,1,0.46990033984184265,0
CelebDF_v2,D:\資料\專題\PY\deepfake\研討會(二)\CelebDF_v2_balanced_test\test\fake\fake_id1_id23_0006_f000086.png,fake_id1_id23_0006_f000086.png,fake::fake_id1_id23_0006,fake_id1_id23_0006,fake,1,0.4783155918121338,0
CelebDF_v2,D:\資料\專題\PY\deepfake\研討會(二)\CelebDF_v2_balanced_test\test\fake\fake_id1_id23_0006_f000123.png,fake_id1_id23_0006_f000123.png,fake::fake_id1_id23_0006,fake_id1_id23_0006,fake,1,0.4719381034374237,0
CelebDF_v2,D:\資料\專題\PY\deepfake\研討會(二)\CelebDF_v2_balanced_test\test\fake\fake_id1_id2_0002_f000040.png,fake_id1_id2_0002_f000040.png,fake::fake_id1_id2_0002,fake_id1_id2_0002,fake,1,0.49839115142822266,0
CelebDF_v2,D:\資料\專題\PY\deepfake\研討會(二)\CelebDF_v2_balanced_test\test\fake\fake_id1_id2_0002_f000069.png,fake_id1_id2_0002_f000069.png,fake::fake_id1_id2_0002,fake_id1_id2_0002,fake,1,0.4514322876930237,0
CelebDF_v2,D:\資料\專題\PY\deepfake\研討會(二)\CelebDF_v2_balanced_test\test\fake\fake_id1_id2_0002_f000098.png,fake_id1_id2_0002_f000098.png,fake::fake_id1_id2_0002,fake_id1_id2_0002,fake,1,0.5312853455543518,1
CelebDF_v2,D:\資料\專題\PY\deepfake\研討會(二)\CelebDF_v2_balanced_test\test\fake\fake_id1_id2_0007_f000032.png,fake_id1_id2_0007_f000032.png,fake::fake_id1_id2_0007,fake_id1_id2_0007,fake,1,0.4936126470565796,0
CelebDF_v2,D:\資料\專題\PY\deepfake\研討會(二)\CelebDF_v2_balanced_test\test\fake\fake_id1_id2_0007_f000055.png,fake_id1_id2_0007_f000055.png,fake::fake_id1_id2_0007,fake_id1_id2_0007,fake,1,0.49312251806259155,0
CelebDF_v2,D:\資料\專題\PY\deepfake\研討會(二)\CelebDF_v2_balanced_test\test\fake\fake_id1_id2_0007_f000079.png,fake_id1_id2_0007_f000079.png,fake::fake_id1_id2_0007,fake_id1_id2_0007,fake,1,0.5004634857177734,1
CelebDF_v2,D:\資料\專題\PY\deepfake\研討會(二)\CelebDF_v2_balanced_test\test\fake\fake_id1_id3_0002_f000040.png,fake_id1_id3_0002_f000040.png,fake::fake_id1_id3_0002,fake_id1_id3_0002,fake,1,0.45651575922966003,0
CelebDF_v2,D:\資料\專題\PY\deepfake\研討會(二)\CelebDF_v2_balanced_test\test\fake\fake_id1_id3_0002_f000069.png,fake_id1_id3_0002_f000069.png,fake::fake_id1_id3_0002,fake_id1_id3_0002,fake,1,0.45413926243782043,0
CelebDF_v2,D:\資料\專題\PY\deepfake\研討會(二)\CelebDF_v2_balanced_test\test\fake\fake_id1_id3_0002_f000098.png,fake_id1_id3_0002_f000098.png,fake::fake_id1_id3_0002,fake_id1_id3_0002,fake,1,0.4574851095676422,0
CelebDF_v2,D:\資料\專題\PY\deepfake\研討會(二)\CelebDF_v2_balanced_test\test\fake\fake_id1_id3_0009_f000041.png,fake_id1_id3_0009_f000041.png,fake::fake_id1_id3_0009,fake_id1_id3_0009,fake,1,0.4971051514148712,0
CelebDF_v2,D:\資料\專題\PY\deepfake\研討會(二)\CelebDF_v2_balanced_test\test\fake\fake_id1_id3_0009_f000070.png,fake_id1_id3_0009_f000070.png,fake::fake_id1_id3_0009,fake_id1_id3_0009,fake,1,0.48171287775039673,0
CelebDF_v2,D:\資料\專題\PY\deepfake\研討會(二)\CelebDF_v2_balanced_test\test\fake\fake_id1_id3_0009_f000100.png,fake_id1_id3_0009_f000100.png,fake::fake_id1_id3_0009,fake_id1_id3_0009,fake,1,0.5148919820785522,1
CelebDF_v2,D:\資料\專題\PY\deepfake\研討會(二)\CelebDF_v2_balanced_test\test\fake\fake_id1_id4_0007_f000032.png,fake_id1_id4_0007_f000032.png,fake::fake_id1_id4_0007,fake_id1_id4_0007,fake,1,0.5296967625617981,1
CelebDF_v2,D:\資料\專題\PY\deepfake\研討會(二)\CelebDF_v2_balanced_test\test\fake\fake_id1_id4_0007_f000055.png,fake_id1_id4_0007_f000055.png,fake::fake_id1_id4_0007,fake_id1_id4_0007,fake,1,0.5336557030677795,1
CelebDF_v2,D:\資料\專題\PY\deepfake\研討會(二)\CelebDF_v2_balanced_test\test\fake\fake_id1_id4_0007_f000079.png,fake_id1_id4_0007_f000079.png,fake::fake_id1_id4_0007,fake_id1_id4_0007,fake,1,0.5298640131950378,1
CelebDF_v2,D:\資料\專題\PY\deepfake\研討會(二)\CelebDF_v2_balanced_test\test\fake\fake_id1_id9_0007_f000032.png,fake_id1_id9_0007_f000032.png,fake::fake_id1_id9_0007,fake_id1_id9_0007,fake,1,0.5242652893066406,1
CelebDF_v2,D:\資料\專題\PY\deepfake\研討會(二)\CelebDF_v2_balanced_test\test\fake\fake_id1_id9_0007_f000055.png,fake_id1_id9_0007_f000055.png,fake::fake_id1_id9_0007,fake_id1_id9_0007,fake,1,0.5241587162017822,1
CelebDF_v2,D:\資料\專題\PY\deepfake\研討會(二)\CelebDF_v2_balanced_test\test\fake\fake_id1_id9_0007_f000079.png,fake_id1_id9_0007_f000079.png,fake::fake_id1_id9_0007,fake_id1_id9_0007,fake,1,0.5222783088684082,1
CelebDF_v2,D:\資料\專題\PY\deepfake\研討會(二)\CelebDF_v2_balanced_test\test\fake\fake_id20_id0_0006_f000032.png,fake_id20_id0_0006_f000032.png,fake::fake_id20_id0_0006,fake_id20_id0_0006,fake,1,0.5181576013565063,1
CelebDF_v2,D:\資料\專題\PY\deepfake\研討會(二)\CelebDF_v2_balanced_test\test\fake\fake_id20_id0_0006_f000055.png,fake_id20_id0_0006_f000055.png,fake::fake_id20_id0_0006,fake_id20_id0_0006,fake,1,0.523671567440033,1
CelebDF_v2,D:\資料\專題\PY\deepfake\研討會(二)\CelebDF_v2_balanced_test\test\fake\fake_id20_id0_0006_f000079.png,fake_id20_id0_0006_f000079.png,fake::fake_id20_id0_0006,fake_id20_id0_0006,fake,1,0.5293014049530029,1
CelebDF_v2,D:\資料\專題\PY\deepfake\研討會(二)\CelebDF_v2_balanced_test\test\fake\fake_id20_id19_0002_f000031.png,fake_id20_id19_0002_f000031.png,fake::fake_id20_id19_0002,fake_id20_id19_0002,fake,1,0.4723716080188751,0
CelebDF_v2,D:\資料\專題\PY\deepfake\研討會(二)\CelebDF_v2_balanced_test\test\fake\fake_id20_id19_0002_f000053.png,fake_id20_id19_0002_f000053.png,fake::fake_id20_id19_0002,fake_id20_id19_0002,fake,1,0.46540266275405884,0
CelebDF_v2,D:\資料\專題\PY\deepfake\研討會(二)\CelebDF_v2_balanced_test\test\fake\fake_id20_id19_0002_f000075.png,fake_id20_id19_0002_f000075.png,fake::fake_id20_id19_0002,fake_id20_id19_0002,fake,1,0.4632166028022766,0
CelebDF_v2,D:\資料\專題\PY\deepfake\研討會(二)\CelebDF_v2_balanced_test\test\fake\fake_id20_id1_0003_f000033.png,fake_id20_id1_0003_f000033.png,fake::fake_id20_id1_0003,fake_id20_id1_0003,fake,1,0.5057032108306885,1
CelebDF_v2,D:\資料\專題\PY\deepfake\研討會(二)\CelebDF_v2_balanced_test\test\fake\fake_id20_id1_0003_f000057.png,fake_id20_id1_0003_f000057.png,fake::fake_id20_id1_0003,fake_id20_id1_0003,fake,1,0.49936866760253906,0
CelebDF_v2,D:\資料\專題\PY\deepfake\研討會(二)\CelebDF_v2_balanced_test\test\fake\fake_id20_id1_0003_f000081.png,fake_id20_id1_0003_f000081.png,fake::fake_id20_id1_0003,fake_id20_id1_0003,fake,1,0.49052926898002625,0
CelebDF_v2,D:\資料\專題\PY\deepfake\研討會(二)\CelebDF_v2_balanced_test\test\fake\fake_id20_id31_0008_f000033.png,fake_id20_id31_0008_f000033.png,fake::fake_id20_id31_0008,fake_id20_id31_0008,fake,1,0.47476816177368164,0
CelebDF_v2,D:\資料\專題\PY\deepfake\研討會(二)\CelebDF_v2_balanced_test\test\fake\fake_id20_id31_0008_f000057.png,fake_id20_id31_0008_f000057.png,fake::fake_id20_id31_0008,fake_id20_id31_0008,fake,1,0.49440932273864746,0
CelebDF_v2,D:\資料\專題\PY\deepfake\研討會(二)\CelebDF_v2_balanced_test\test\fake\fake_id20_id31_0008_f000082.png,fake_id20_id31_0008_f000082.png,fake::fake_id20_id31_0008,fake_id20_id31_0008,fake,1,0.4913853704929352,0
CelebDF_v2,D:\資料\專題\PY\deepfake\研討會(二)\CelebDF_v2_balanced_test\test\fake\fake_id20_id9_0008_f000033.png,fake_id20_id9_0008_f000033.png,fake::fake_id20_id9_0008,fake_id20_id9_0008,fake,1,0.4861257076263428,0
CelebDF_v2,D:\資料\專題\PY\deepfake\研討會(二)\CelebDF_v2_balanced_test\test\fake\fake_id20_id9_0008_f000057.png,fake_id20_id9_0008_f000057.png,fake::fake_id20_id9_0008,fake_id20_id9_0008,fake,1,0.5171708464622498,1
CelebDF_v2,D:\資料\專題\PY\deepfake\研討會(二)\CelebDF_v2_balanced_test\test\fake\fake_id20_id9_0008_f000082.png,fake_id20_id9_0008_f000082.png,fake::fake_id20_id9_0008,fake_id20_id9_0008,fake,1,0.49869537353515625,0
CelebDF_v2,D:\資料\專題\PY\deepfake\研討會(二)\CelebDF_v2_balanced_test\test\fake\fake_id21_id28_0001_f000026.png,fake_id21_id28_0001_f000026.png,fake::fake_id21_id28_0001,fake_id21_id28_0001,fake,1,0.5087271332740784,1
CelebDF_v2,D:\資料\專題\PY\deepfake\研討會(二)\CelebDF_v2_balanced_test\test\fake\fake_id21_id28_0001_f000044.png,fake_id21_id28_0001_f000044.png,fake::fake_id21_id28_0001,fake_id21_id28_0001,fake,1,0.5128222107887268,1
CelebDF_v2,D:\資料\專題\PY\deepfake\研討會(二)\CelebDF_v2_balanced_test\test\fake\fake_id21_id28_0001_f000063.png,fake_id21_id28_0001_f000063.png,fake::fake_id21_id28_0001,fake_id21_id28_0001,fake,1,0.5076831579208374,1
CelebDF_v2,D:\資料\專題\PY\deepfake\研討會(二)\CelebDF_v2_balanced_test\test\fake\fake_id21_id2_0002_f000033.png,fake_id21_id2_0002_f000033.png,fake::fake_id21_id2_0002,fake_id21_id2_0002,fake,1,0.4649547338485718,0
CelebDF_v2,D:\資料\專題\PY\deepfake\研討會(二)\CelebDF_v2_balanced_test\test\fake\fake_id21_id2_0002_f000057.png,fake_id21_id2_0002_f000057.png,fake::fake_id21_id2_0002,fake_id21_id2_0002,fake,1,0.47538459300994873,0
CelebDF_v2,D:\資料\專題\PY\deepfake\研討會(二)\CelebDF_v2_balanced_test\test\fake\fake_id21_id2_0002_f000081.png,fake_id21_id2_0002_f000081.png,fake::fake_id21_id2_0002,fake_id21_id2_0002,fake,1,0.4633076786994934,0
CelebDF_v2,D:\資料\專題\PY\deepfake\研討會(二)\CelebDF_v2_balanced_test\test\fake\fake_id21_id3_0009_f000031.png,fake_id21_id3_0009_f000031.png,fake::fake_id21_id3_0009,fake_id21_id3_0009,fake,1,0.49189066886901855,0
CelebDF_v2,D:\資料\專題\PY\deepfake\研討會(二)\CelebDF_v2_balanced_test\test\fake\fake_id21_id3_0009_f000054.png,fake_id21_id3_0009_f000054.png,fake::fake_id21_id3_0009,fake_id21_id3_0009,fake,1,0.4736267924308777,0
CelebDF_v2,D:\資料\專題\PY\deepfake\研討會(二)\CelebDF_v2_balanced_test\test\fake\fake_id21_id3_0009_f000077.png,fake_id21_id3_0009_f000077.png,fake::fake_id21_id3_0009,fake_id21_id3_0009,fake,1,0.48337405920028687,0
CelebDF_v2,D:\資料\專題\PY\deepfake\研討會(二)\CelebDF_v2_balanced_test\test\fake\fake_id22_id25_0001_f000031.png,fake_id22_id25_0001_f000031.png,fake::fake_id22_id25_0001,fake_id22_id25_0001,fake,1,0.47996068000793457,0
CelebDF_v2,D:\資料\專題\PY\deepfake\研討會(二)\CelebDF_v2_balanced_test\test\fake\fake_id22_id25_0001_f000053.png,fake_id22_id25_0001_f000053.png,fake::fake_id22_id25_0001,fake_id22_id25_0001,fake,1,0.4835379123687744,0
CelebDF_v2,D:\資料\專題\PY\deepfake\研討會(二)\CelebDF_v2_balanced_test\test\fake\fake_id22_id25_0001_f000075.png,fake_id22_id25_0001_f000075.png,fake::fake_id22_id25_0001,fake_id22_id25_0001,fake,1,0.48871612548828125,0
CelebDF_v2,D:\資料\專題\PY\deepfake\研討會(二)\CelebDF_v2_balanced_test\test\fake\fake_id22_id26_0005_f000036.png,fake_id22_id26_0005_f000036.png,fake::fake_id22_id26_0005,fake_id22_id26_0005,fake,1,0.5365405678749084,1
CelebDF_v2,D:\資料\專題\PY\deepfake\研討會(二)\CelebDF_v2_balanced_test\test\fake\fake_id22_id26_0005_f000062.png,fake_id22_id26_0005_f000062.png,fake::fake_id22_id26_0005,fake_id22_id26_0005,fake,1,0.5097052454948425,1
CelebDF_v2,D:\資料\專題\PY\deepfake\研討會(二)\CelebDF_v2_balanced_test\test\fake\fake_id22_id26_0005_f000088.png,fake_id22_id26_0005_f000088.png,fake::fake_id22_id26_0005,fake_id22_id26_0005,fake,1,0.5085822343826294,1
CelebDF_v2,D:\資料\專題\PY\deepfake\研討會(二)\CelebDF_v2_balanced_test\test\fake\fake_id23_id3_0004_f000030.png,fake_id23_id3_0004_f000030.png,fake::fake_id23_id3_0004,fake_id23_id3_0004,fake,1,0.4931625723838806,0
CelebDF_v2,D:\資料\專題\PY\deepfake\研討會(二)\CelebDF_v2_balanced_test\test\fake\fake_id23_id3_0004_f000052.png,fake_id23_id3_0004_f000052.png,fake::fake_id23_id3_0004,fake_id23_id3_0004,fake,1,0.5084811449050903,1
CelebDF_v2,D:\資料\專題\PY\deepfake\研討會(二)\CelebDF_v2_balanced_test\test\fake\fake_id23_id3_0004_f000074.png,fake_id23_id3_0004_f000074.png,fake::fake_id23_id3_0004,fake_id23_id3_0004,fake,1,0.4939625859260559,0
CelebDF_v2,D:\資料\專題\PY\deepfake\研討會(二)\CelebDF_v2_balanced_test\test\fake\fake_id23_id3_0009_f000031.png,fake_id23_id3_0009_f000031.png,fake::fake_id23_id3_0009,fake_id23_id3_0009,fake,1,0.4812900424003601,0
CelebDF_v2,D:\資料\專題\PY\deepfake\研討會(二)\CelebDF_v2_balanced_test\test\fake\fake_id23_id3_0009_f000053.png,fake_id23_id3_0009_f000053.png,fake::fake_id23_id3_0009,fake_id23_id3_0009,fake,1,0.4861752390861511,0
CelebDF_v2,D:\資料\專題\PY\deepfake\研討會(二)\CelebDF_v2_balanced_test\test\fake\fake_id23_id3_0009_f000076.png,fake_id23_id3_0009_f000076.png,fake::fake_id23_id3_0009,fake_id23_id3_0009,fake,1,0.47600874304771423,0
CelebDF_v2,D:\資料\專題\PY\deepfake\研討會(二)\CelebDF_v2_balanced_test\test\fake\fake_id24_id19_0000_f000029.png,fake_id24_id19_0000_f000029.png,fake::fake_id24_id19_0000,fake_id24_id19_0000,fake,1,0.49776220321655273,0
CelebDF_v2,D:\資料\專題\PY\deepfake\研討會(二)\CelebDF_v2_balanced_test\test\fake\fake_id24_id19_0000_f000050.png,fake_id24_id19_0000_f000050.png,fake::fake_id24_id19_0000,fake_id24_id19_0000,fake,1,0.5040863156318665,1
CelebDF_v2,D:\資料\專題\PY\deepfake\研討會(二)\CelebDF_v2_balanced_test\test\fake\fake_id24_id19_0000_f000071.png,fake_id24_id19_0000_f000071.png,fake::fake_id24_id19_0000,fake_id24_id19_0000,fake,1,0.49967098236083984,0
CelebDF_v2,D:\資料\專題\PY\deepfake\研討會(二)\CelebDF_v2_balanced_test\test\fake\fake_id24_id20_0009_f000031.png,fake_id24_id20_0009_f000031.png,fake::fake_id24_id20_0009,fake_id24_id20_0009,fake,1,0.4847840964794159,0
CelebDF_v2,D:\資料\專題\PY\deepfake\研討會(二)\CelebDF_v2_balanced_test\test\fake\fake_id24_id20_0009_f000053.png,fake_id24_id20_0009_f000053.png,fake::fake_id24_id20_0009,fake_id24_id20_0009,fake,1,0.4927077889442444,0
CelebDF_v2,D:\資料\專題\PY\deepfake\研討會(二)\CelebDF_v2_balanced_test\test\fake\fake_id24_id20_0009_f000075.png,fake_id24_id20_0009_f000075.png,fake::fake_id24_id20_0009,fake_id24_id20_0009,fake,1,0.48113003373146057,0
CelebDF_v2,D:\資料\專題\PY\deepfake\研討會(二)\CelebDF_v2_balanced_test\test\fake\fake_id24_id21_0006_f000033.png,fake_id24_id21_0006_f000033.png,fake::fake_id24_id21_0006,fake_id24_id21_0006,fake,1,0.4652356207370758,0
CelebDF_v2,D:\資料\專題\PY\deepfake\研討會(二)\CelebDF_v2_balanced_test\test\fake\fake_id24_id21_0006_f000057.png,fake_id24_id21_0006_f000057.png,fake::fake_id24_id21_0006,fake_id24_id21_0006,fake,1,0.49041104316711426,0
CelebDF_v2,D:\資料\專題\PY\deepfake\研討會(二)\CelebDF_v2_balanced_test\test\fake\fake_id24_id21_0006_f000082.png,fake_id24_id21_0006_f000082.png,fake::fake_id24_id21_0006,fake_id24_id21_0006,fake,1,0.49559736251831055,0
CelebDF_v2,D:\資料\專題\PY\deepfake\研討會(二)\CelebDF_v2_balanced_test\test\fake\fake_id24_id26_0009_f000031.png,fake_id24_id26_0009_f000031.png,fake::fake_id24_id26_0009,fake_id24_id26_0009,fake,1,0.4959130585193634,0
CelebDF_v2,D:\資料\專題\PY\deepfake\研討會(二)\CelebDF_v2_balanced_test\test\fake\fake_id24_id26_0009_f000053.png,fake_id24_id26_0009_f000053.png,fake::fake_id24_id26_0009,fake_id24_id26_0009,fake,1,0.5008268356323242,1
CelebDF_v2,D:\資料\專題\PY\deepfake\研討會(二)\CelebDF_v2_balanced_test\test\fake\fake_id24_id26_0009_f000075.png,fake_id24_id26_0009_f000075.png,fake::fake_id24_id26_0009,fake_id24_id26_0009,fake,1,0.49811553955078125,0
CelebDF_v2,D:\資料\專題\PY\deepfake\研討會(二)\CelebDF_v2_balanced_test\test\fake\fake_id25_id19_0002_f000034.png,fake_id25_id19_0002_f000034.png,fake::fake_id25_id19_0002,fake_id25_id19_0002,fake,1,0.5190147161483765,1
CelebDF_v2,D:\資料\專題\PY\deepfake\研討會(二)\CelebDF_v2_balanced_test\test\fake\fake_id25_id19_0002_f000058.png,fake_id25_id19_0002_f000058.png,fake::fake_id25_id19_0002,fake_id25_id19_0002,fake,1,0.4896731674671173,0
CelebDF_v2,D:\資料\專題\PY\deepfake\研討會(二)\CelebDF_v2_balanced_test\test\fake\fake_id25_id19_0002_f000083.png,fake_id25_id19_0002_f000083.png,fake::fake_id25_id19_0002,fake_id25_id19_0002,fake,1,0.5058872103691101,1
CelebDF_v2,D:\資料\專題\PY\deepfake\研討會(二)\CelebDF_v2_balanced_test\test\fake\fake_id25_id19_0008_f000032.png,fake_id25_id19_0008_f000032.png,fake::fake_id25_id19_0008,fake_id25_id19_0008,fake,1,0.49211472272872925,0
CelebDF_v2,D:\資料\專題\PY\deepfake\研討會(二)\CelebDF_v2_balanced_test\test\fake\fake_id25_id19_0008_f000055.png,fake_id25_id19_0008_f000055.png,fake::fake_id25_id19_0008,fake_id25_id19_0008,fake,1,0.48547008633613586,0
CelebDF_v2,D:\資料\專題\PY\deepfake\研討會(二)\CelebDF_v2_balanced_test\test\fake\fake_id25_id19_0008_f000078.png,fake_id25_id19_0008_f000078.png,fake::fake_id25_id19_0008,fake_id25_id19_0008,fake,1,0.4894196093082428,0
CelebDF_v2,D:\資料\專題\PY\deepfake\研討會(二)\CelebDF_v2_balanced_test\test\fake\fake_id25_id24_0003_f000025.png,fake_id25_id24_0003_f000025.png,fake::fake_id25_id24_0003,fake_id25_id24_0003,fake,1,0.47361162304878235,0
CelebDF_v2,D:\資料\專題\PY\deepfake\研討會(二)\CelebDF_v2_balanced_test\test\fake\fake_id25_id24_0003_f000043.png,fake_id25_id24_0003_f000043.png,fake::fake_id25_id24_0003,fake_id25_id24_0003,fake,1,0.4536551535129547,0
CelebDF_v2,D:\資料\專題\PY\deepfake\研討會(二)\CelebDF_v2_balanced_test\test\fake\fake_id25_id24_0003_f000061.png,fake_id25_id24_0003_f000061.png,fake::fake_id25_id24_0003,fake_id25_id24_0003,fake,1,0.4547748267650604,0
CelebDF_v2,D:\資料\專題\PY\deepfake\研討會(二)\CelebDF_v2_balanced_test\test\fake\fake_id25_id28_0010_f000035.png,fake_id25_id28_0010_f000035.png,fake::fake_id25_id28_0010,fake_id25_id28_0010,fake,1,0.4603343904018402,0
CelebDF_v2,D:\資料\專題\PY\deepfake\研討會(二)\CelebDF_v2_balanced_test\test\fake\fake_id25_id28_0010_f000060.png,fake_id25_id28_0010_f000060.png,fake::fake_id25_id28_0010,fake_id25_id28_0010,fake,1,0.4686386287212372,0
CelebDF_v2,D:\資料\專題\PY\deepfake\研討會(二)\CelebDF_v2_balanced_test\test\fake\fake_id25_id28_0010_f000086.png,fake_id25_id28_0010_f000086.png,fake::fake_id25_id28_0010,fake_id25_id28_0010,fake,1,0.47610005736351013,0
CelebDF_v2,D:\資料\專題\PY\deepfake\研討會(二)\CelebDF_v2_balanced_test\test\fake\fake_id26_id1_0002_f000032.png,fake_id26_id1_0002_f000032.png,fake::fake_id26_id1_0002,fake_id26_id1_0002,fake,1,0.534301221370697,1
CelebDF_v2,D:\資料\專題\PY\deepfake\研討會(二)\CelebDF_v2_balanced_test\test\fake\fake_id26_id1_0002_f000055.png,fake_id26_id1_0002_f000055.png,fake::fake_id26_id1_0002,fake_id26_id1_0002,fake,1,0.4992532730102539,0
CelebDF_v2,D:\資料\專題\PY\deepfake\研討會(二)\CelebDF_v2_balanced_test\test\fake\fake_id26_id1_0002_f000078.png,fake_id26_id1_0002_f000078.png,fake::fake_id26_id1_0002,fake_id26_id1_0002,fake,1,0.5073770880699158,1
CelebDF_v2,D:\資料\專題\PY\deepfake\研討會(二)\CelebDF_v2_balanced_test\test\fake\fake_id26_id28_0002_f000032.png,fake_id26_id28_0002_f000032.png,fake::fake_id26_id28_0002,fake_id26_id28_0002,fake,1,0.4999809265136719,0
CelebDF_v2,D:\資料\專題\PY\deepfake\研討會(二)\CelebDF_v2_balanced_test\test\fake\fake_id26_id28_0002_f000055.png,fake_id26_id28_0002_f000055.png,fake::fake_id26_id28_0002,fake_id26_id28_0002,fake,1,0.49697592854499817,0
CelebDF_v2,D:\資料\專題\PY\deepfake\研討會(二)\CelebDF_v2_balanced_test\test\fake\fake_id26_id28_0002_f000078.png,fake_id26_id28_0002_f000078.png,fake::fake_id26_id28_0002,fake_id26_id28_0002,fake,1,0.5101838111877441,1
CelebDF_v2,D:\資料\專題\PY\deepfake\研討會(二)\CelebDF_v2_balanced_test\test\fake\fake_id26_id2_0005_f000033.png,fake_id26_id2_0005_f000033.png,fake::fake_id26_id2_0005,fake_id26_id2_0005,fake,1,0.5313385725021362,1
CelebDF_v2,D:\資料\專題\PY\deepfake\研討會(二)\CelebDF_v2_balanced_test\test\fake\fake_id26_id2_0005_f000057.png,fake_id26_id2_0005_f000057.png,fake::fake_id26_id2_0005,fake_id26_id2_0005,fake,1,0.5341948866844177,1
CelebDF_v2,D:\資料\專題\PY\deepfake\研討會(二)\CelebDF_v2_balanced_test\test\fake\fake_id26_id2_0005_f000081.png,fake_id26_id2_0005_f000081.png,fake::fake_id26_id2_0005,fake_id26_id2_0005,fake,1,0.5430450439453125,1
CelebDF_v2,D:\資料\專題\PY\deepfake\研討會(二)\CelebDF_v2_balanced_test\test\fake\fake_id27_id21_0002_f000034.png,fake_id27_id21_0002_f000034.png,fake::fake_id27_id21_0002,fake_id27_id21_0002,fake,1,0.4886646568775177,0
CelebDF_v2,D:\資料\專題\PY\deepfake\研討會(二)\CelebDF_v2_balanced_test\test\fake\fake_id27_id21_0002_f000058.png,fake_id27_id21_0002_f000058.png,fake::fake_id27_id21_0002,fake_id27_id21_0002,fake,1,0.4869338274002075,0
CelebDF_v2,D:\資料\專題\PY\deepfake\研討會(二)\CelebDF_v2_balanced_test\test\fake\fake_id27_id21_0002_f000083.png,fake_id27_id21_0002_f000083.png,fake::fake_id27_id21_0002,fake_id27_id21_0002,fake,1,0.4737333357334137,0
CelebDF_v2,D:\資料\專題\PY\deepfake\研討會(二)\CelebDF_v2_balanced_test\test\fake\fake_id27_id24_0007_f000033.png,fake_id27_id24_0007_f000033.png,fake::fake_id27_id24_0007,fake_id27_id24_0007,fake,1,0.4592125415802002,0
CelebDF_v2,D:\資料\專題\PY\deepfake\研討會(二)\CelebDF_v2_balanced_test\test\fake\fake_id27_id24_0007_f000056.png,fake_id27_id24_0007_f000056.png,fake::fake_id27_id24_0007,fake_id27_id24_0007,fake,1,0.45690953731536865,0
CelebDF_v2,D:\資料\專題\PY\deepfake\研討會(二)\CelebDF_v2_balanced_test\test\fake\fake_id27_id24_0007_f000080.png,fake_id27_id24_0007_f000080.png,fake::fake_id27_id24_0007,fake_id27_id24_0007,fake,1,0.4630800187587738,0
CelebDF_v2,D:\資料\專題\PY\deepfake\研討會(二)\CelebDF_v2_balanced_test\test\fake\fake_id28_id20_0006_f000032.png,fake_id28_id20_0006_f000032.png,fake::fake_id28_id20_0006,fake_id28_id20_0006,fake,1,0.5091485381126404,1
CelebDF_v2,D:\資料\專題\PY\deepfake\研討會(二)\CelebDF_v2_balanced_test\test\fake\fake_id28_id20_0006_f000055.png,fake_id28_id20_0006_f000055.png,fake::fake_id28_id20_0006,fake_id28_id20_0006,fake,1,0.49076950550079346,0
CelebDF_v2,D:\資料\專題\PY\deepfake\研討會(二)\CelebDF_v2_balanced_test\test\fake\fake_id28_id20_0006_f000078.png,fake_id28_id20_0006_f000078.png,fake::fake_id28_id20_0006,fake_id28_id20_0006,fake,1,0.5084220767021179,1
CelebDF_v2,D:\資料\專題\PY\deepfake\研討會(二)\CelebDF_v2_balanced_test\test\fake\fake_id28_id21_0006_f000032.png,fake_id28_id21_0006_f000032.png,fake::fake_id28_id21_0006,fake_id28_id21_0006,fake,1,0.477934867143631,0
CelebDF_v2,D:\資料\專題\PY\deepfake\研討會(二)\CelebDF_v2_balanced_test\test\fake\fake_id28_id21_0006_f000055.png,fake_id28_id21_0006_f000055.png,fake::fake_id28_id21_0006,fake_id28_id21_0006,fake,1,0.479549378156662,0
CelebDF_v2,D:\資料\專題\PY\deepfake\研討會(二)\CelebDF_v2_balanced_test\test\fake\fake_id28_id21_0006_f000078.png,fake_id28_id21_0006_f000078.png,fake::fake_id28_id21_0006,fake_id28_id21_0006,fake,1,0.48358362913131714,0
CelebDF_v2,D:\資料\專題\PY\deepfake\研討會(二)\CelebDF_v2_balanced_test\test\fake\fake_id28_id3_0001_f000033.png,fake_id28_id3_0001_f000033.png,fake::fake_id28_id3_0001,fake_id28_id3_0001,fake,1,0.510225772857666,1
CelebDF_v2,D:\資料\專題\PY\deepfake\研討會(二)\CelebDF_v2_balanced_test\test\fake\fake_id28_id3_0001_f000057.png,fake_id28_id3_0001_f000057.png,fake::fake_id28_id3_0001,fake_id28_id3_0001,fake,1,0.4852452278137207,0
CelebDF_v2,D:\資料\專題\PY\deepfake\研討會(二)\CelebDF_v2_balanced_test\test\fake\fake_id28_id3_0001_f000081.png,fake_id28_id3_0001_f000081.png,fake::fake_id28_id3_0001,fake_id28_id3_0001,fake,1,0.48727312684059143,0
CelebDF_v2,D:\資料\專題\PY\deepfake\研討會(二)\CelebDF_v2_balanced_test\test\fake\fake_id28_id4_0006_f000032.png,fake_id28_id4_0006_f000032.png,fake::fake_id28_id4_0006,fake_id28_id4_0006,fake,1,0.4804748594760895,0
CelebDF_v2,D:\資料\專題\PY\deepfake\研討會(二)\CelebDF_v2_balanced_test\test\fake\fake_id28_id4_0006_f000055.png,fake_id28_id4_0006_f000055.png,fake::fake_id28_id4_0006,fake_id28_id4_0006,fake,1,0.4767623543739319,0
CelebDF_v2,D:\資料\專題\PY\deepfake\研討會(二)\CelebDF_v2_balanced_test\test\fake\fake_id28_id4_0006_f000078.png,fake_id28_id4_0006_f000078.png,fake::fake_id28_id4_0006,fake_id28_id4_0006,fake,1,0.4771658778190613,0
CelebDF_v2,D:\資料\專題\PY\deepfake\研討會(二)\CelebDF_v2_balanced_test\test\fake\fake_id28_id6_0006_f000032.png,fake_id28_id6_0006_f000032.png,fake::fake_id28_id6_0006,fake_id28_id6_0006,fake,1,0.4857102036476135,0
CelebDF_v2,D:\資料\專題\PY\deepfake\研討會(二)\CelebDF_v2_balanced_test\test\fake\fake_id28_id6_0006_f000055.png,fake_id28_id6_0006_f000055.png,fake::fake_id28_id6_0006,fake_id28_id6_0006,fake,1,0.4882395565509796,0
CelebDF_v2,D:\資料\專題\PY\deepfake\研討會(二)\CelebDF_v2_balanced_test\test\fake\fake_id28_id6_0006_f000078.png,fake_id28_id6_0006_f000078.png,fake::fake_id28_id6_0006,fake_id28_id6_0006,fake,1,0.49357831478118896,0
CelebDF_v2,D:\資料\專題\PY\deepfake\研討會(二)\CelebDF_v2_balanced_test\test\fake\fake_id29_id30_0000_f000042.png,fake_id29_id30_0000_f000042.png,fake::fake_id29_id30_0000,fake_id29_id30_0000,fake,1,0.5266851186752319,1
CelebDF_v2,D:\資料\專題\PY\deepfake\研討會(二)\CelebDF_v2_balanced_test\test\fake\fake_id29_id30_0000_f000073.png,fake_id29_id30_0000_f000073.png,fake::fake_id29_id30_0000,fake_id29_id30_0000,fake,1,0.4943568706512451,0
CelebDF_v2,D:\資料\專題\PY\deepfake\研討會(二)\CelebDF_v2_balanced_test\test\fake\fake_id29_id30_0000_f000104.png,fake_id29_id30_0000_f000104.png,fake::fake_id29_id30_0000,fake_id29_id30_0000,fake,1,0.4911908805370331,0
CelebDF_v2,D:\資料\專題\PY\deepfake\研討會(二)\CelebDF_v2_balanced_test\test\fake\fake_id29_id30_0009_f000047.png,fake_id29_id30_0009_f000047.png,fake::fake_id29_id30_0009,fake_id29_id30_0009,fake,1,0.5219204425811768,1
CelebDF_v2,D:\資料\專題\PY\deepfake\研討會(二)\CelebDF_v2_balanced_test\test\fake\fake_id29_id30_0009_f000081.png,fake_id29_id30_0009_f000081.png,fake::fake_id29_id30_0009,fake_id29_id30_0009,fake,1,0.5112323760986328,1
CelebDF_v2,D:\資料\專題\PY\deepfake\研討會(二)\CelebDF_v2_balanced_test\test\fake\fake_id29_id30_0009_f000115.png,fake_id29_id30_0009_f000115.png,fake::fake_id29_id30_0009,fake_id29_id30_0009,fake,1,0.4865983724594116,0
CelebDF_v2,D:\資料\專題\PY\deepfake\研討會(二)\CelebDF_v2_balanced_test\test\fake\fake_id29_id32_0000_f000042.png,fake_id29_id32_0000_f000042.png,fake::fake_id29_id32_0000,fake_id29_id32_0000,fake,1,0.5056531429290771,1
CelebDF_v2,D:\資料\專題\PY\deepfake\研討會(二)\CelebDF_v2_balanced_test\test\fake\fake_id29_id32_0000_f000073.png,fake_id29_id32_0000_f000073.png,fake::fake_id29_id32_0000,fake_id29_id32_0000,fake,1,0.5000619888305664,1
CelebDF_v2,D:\資料\專題\PY\deepfake\研討會(二)\CelebDF_v2_balanced_test\test\fake\fake_id29_id32_0000_f000104.png,fake_id29_id32_0000_f000104.png,fake::fake_id29_id32_0000,fake_id29_id32_0000,fake,1,0.483564555644989,0
CelebDF_v2,D:\資料\專題\PY\deepfake\研討會(二)\CelebDF_v2_balanced_test\test\fake\fake_id29_id32_0003_f000034.png,fake_id29_id32_0003_f000034.png,fake::fake_id29_id32_0003,fake_id29_id32_0003,fake,1,0.5279325842857361,1
CelebDF_v2,D:\資料\專題\PY\deepfake\研討會(二)\CelebDF_v2_balanced_test\test\fake\fake_id29_id32_0003_f000058.png,fake_id29_id32_0003_f000058.png,fake::fake_id29_id32_0003,fake_id29_id32_0003,fake,1,0.5253459811210632,1
CelebDF_v2,D:\資料\專題\PY\deepfake\研討會(二)\CelebDF_v2_balanced_test\test\fake\fake_id29_id32_0003_f000083.png,fake_id29_id32_0003_f000083.png,fake::fake_id29_id32_0003,fake_id29_id32_0003,fake,1,0.5065246820449829,1
CelebDF_v2,D:\資料\專題\PY\deepfake\研討會(二)\CelebDF_v2_balanced_test\test\fake\fake_id29_id35_0000_f000042.png,fake_id29_id35_0000_f000042.png,fake::fake_id29_id35_0000,fake_id29_id35_0000,fake,1,0.499327689409256,0
CelebDF_v2,D:\資料\專題\PY\deepfake\研討會(二)\CelebDF_v2_balanced_test\test\fake\fake_id29_id35_0000_f000073.png,fake_id29_id35_0000_f000073.png,fake::fake_id29_id35_0000,fake_id29_id35_0000,fake,1,0.4847116768360138,0
CelebDF_v2,D:\資料\專題\PY\deepfake\研討會(二)\CelebDF_v2_balanced_test\test\fake\fake_id29_id35_0000_f000104.png,fake_id29_id35_0000_f000104.png,fake::fake_id29_id35_0000,fake_id29_id35_0000,fake,1,0.4872387647628784,0
CelebDF_v2,D:\資料\專題\PY\deepfake\研討會(二)\CelebDF_v2_balanced_test\test\fake\fake_id29_id37_0008_f000045.png,fake_id29_id37_0008_f000045.png,fake::fake_id29_id37_0008,fake_id29_id37_0008,fake,1,0.4572579264640808,0
CelebDF_v2,D:\資料\專題\PY\deepfake\研討會(二)\CelebDF_v2_balanced_test\test\fake\fake_id29_id37_0008_f000077.png,fake_id29_id37_0008_f000077.png,fake::fake_id29_id37_0008,fake_id29_id37_0008,fake,1,0.46760526299476624,0
CelebDF_v2,D:\資料\專題\PY\deepfake\研討會(二)\CelebDF_v2_balanced_test\test\fake\fake_id29_id37_0008_f000110.png,fake_id29_id37_0008_f000110.png,fake::fake_id29_id37_0008,fake_id29_id37_0008,fake,1,0.4725998044013977,0
CelebDF_v2,D:\資料\專題\PY\deepfake\研討會(二)\CelebDF_v2_balanced_test\test\fake\fake_id29_id37_0009_f000047.png,fake_id29_id37_0009_f000047.png,fake::fake_id29_id37_0009,fake_id29_id37_0009,fake,1,0.4757271111011505,0
CelebDF_v2,D:\資料\專題\PY\deepfake\研討會(二)\CelebDF_v2_balanced_test\test\fake\fake_id29_id37_0009_f000081.png,fake_id29_id37_0009_f000081.png,fake::fake_id29_id37_0009,fake_id29_id37_0009,fake,1,0.4570155143737793,0
CelebDF_v2,D:\資料\專題\PY\deepfake\研討會(二)\CelebDF_v2_balanced_test\test\fake\fake_id29_id37_0009_f000115.png,fake_id29_id37_0009_f000115.png,fake::fake_id29_id37_0009,fake_id29_id37_0009,fake,1,0.4637933671474457,0
CelebDF_v2,D:\資料\專題\PY\deepfake\研討會(二)\CelebDF_v2_balanced_test\test\fake\fake_id29_id38_0008_f000045.png,fake_id29_id38_0008_f000045.png,fake::fake_id29_id38_0008,fake_id29_id38_0008,fake,1,0.5112953186035156,1
CelebDF_v2,D:\資料\專題\PY\deepfake\研討會(二)\CelebDF_v2_balanced_test\test\fake\fake_id29_id38_0008_f000077.png,fake_id29_id38_0008_f000077.png,fake::fake_id29_id38_0008,fake_id29_id38_0008,fake,1,0.4938443601131439,0
CelebDF_v2,D:\資料\專題\PY\deepfake\研討會(二)\CelebDF_v2_balanced_test\test\fake\fake_id29_id38_0008_f000110.png,fake_id29_id38_0008_f000110.png,fake::fake_id29_id38_0008,fake_id29_id38_0008,fake,1,0.5184966325759888,1
CelebDF_v2,D:\資料\專題\PY\deepfake\研討會(二)\CelebDF_v2_balanced_test\test\fake\fake_id2_id0_0002_f000036.png,fake_id2_id0_0002_f000036.png,fake::fake_id2_id0_0002,fake_id2_id0_0002,fake,1,0.5098558664321899,1
CelebDF_v2,D:\資料\專題\PY\deepfake\研討會(二)\CelebDF_v2_balanced_test\test\fake\fake_id2_id0_0002_f000062.png,fake_id2_id0_0002_f000062.png,fake::fake_id2_id0_0002,fake_id2_id0_0002,fake,1,0.4918849468231201,0
CelebDF_v2,D:\資料\專題\PY\deepfake\研討會(二)\CelebDF_v2_balanced_test\test\fake\fake_id2_id0_0002_f000088.png,fake_id2_id0_0002_f000088.png,fake::fake_id2_id0_0002,fake_id2_id0_0002,fake,1,0.49816322326660156,0
CelebDF_v2,D:\資料\專題\PY\deepfake\研討會(二)\CelebDF_v2_balanced_test\test\fake\fake_id2_id16_0004_f000042.png,fake_id2_id16_0004_f000042.png,fake::fake_id2_id16_0004,fake_id2_id16_0004,fake,1,0.5162296295166016,1
CelebDF_v2,D:\資料\專題\PY\deepfake\研討會(二)\CelebDF_v2_balanced_test\test\fake\fake_id2_id16_0004_f000072.png,fake_id2_id16_0004_f000072.png,fake::fake_id2_id16_0004,fake_id2_id16_0004,fake,1,0.5364039540290833,1
CelebDF_v2,D:\資料\專題\PY\deepfake\研討會(二)\CelebDF_v2_balanced_test\test\fake\fake_id2_id16_0004_f000103.png,fake_id2_id16_0004_f000103.png,fake::fake_id2_id16_0004,fake_id2_id16_0004,fake,1,0.533040463924408,1
CelebDF_v2,D:\資料\專題\PY\deepfake\研討會(二)\CelebDF_v2_balanced_test\test\fake\fake_id2_id26_0001_f000037.png,fake_id2_id26_0001_f000037.png,fake::fake_id2_id26_0001,fake_id2_id26_0001,fake,1,0.5018749237060547,1
CelebDF_v2,D:\資料\專題\PY\deepfake\研討會(二)\CelebDF_v2_balanced_test\test\fake\fake_id2_id26_0001_f000064.png,fake_id2_id26_0001_f000064.png,fake::fake_id2_id26_0001,fake_id2_id26_0001,fake,1,0.5208771824836731,1
CelebDF_v2,D:\資料\專題\PY\deepfake\研討會(二)\CelebDF_v2_balanced_test\test\fake\fake_id2_id26_0001_f000091.png,fake_id2_id26_0001_f000091.png,fake::fake_id2_id26_0001,fake_id2_id26_0001,fake,1,0.5163820385932922,1
CelebDF_v2,D:\資料\專題\PY\deepfake\研討會(二)\CelebDF_v2_balanced_test\test\fake\fake_id2_id28_0003_f000038.png,fake_id2_id28_0003_f000038.png,fake::fake_id2_id28_0003,fake_id2_id28_0003,fake,1,0.4514171779155731,0
CelebDF_v2,D:\資料\專題\PY\deepfake\研討會(二)\CelebDF_v2_balanced_test\test\fake\fake_id2_id28_0003_f000065.png,fake_id2_id28_0003_f000065.png,fake::fake_id2_id28_0003,fake_id2_id28_0003,fake,1,0.4419589936733246,0
CelebDF_v2,D:\資料\專題\PY\deepfake\研討會(二)\CelebDF_v2_balanced_test\test\fake\fake_id2_id28_0003_f000093.png,fake_id2_id28_0003_f000093.png,fake::fake_id2_id28_0003,fake_id2_id28_0003,fake,1,0.4473244845867157,0
CelebDF_v2,D:\資料\專題\PY\deepfake\研討會(二)\CelebDF_v2_balanced_test\test\fake\fake_id2_id6_0002_f000036.png,fake_id2_id6_0002_f000036.png,fake::fake_id2_id6_0002,fake_id2_id6_0002,fake,1,0.49587082862854004,0
CelebDF_v2,D:\資料\專題\PY\deepfake\研討會(二)\CelebDF_v2_balanced_test\test\fake\fake_id2_id6_0002_f000062.png,fake_id2_id6_0002_f000062.png,fake::fake_id2_id6_0002,fake_id2_id6_0002,fake,1,0.48693764209747314,0
CelebDF_v2,D:\資料\專題\PY\deepfake\研討會(二)\CelebDF_v2_balanced_test\test\fake\fake_id2_id6_0002_f000088.png,fake_id2_id6_0002_f000088.png,fake::fake_id2_id6_0002,fake_id2_id6_0002,fake,1,0.4608347713947296,0
CelebDF_v2,D:\資料\專題\PY\deepfake\研討會(二)\CelebDF_v2_balanced_test\test\fake\fake_id30_id20_0004_f000040.png,fake_id30_id20_0004_f000040.png,fake::fake_id30_id20_0004,fake_id30_id20_0004,fake,1,0.5088453888893127,1
CelebDF_v2,D:\資料\專題\PY\deepfake\研討會(二)\CelebDF_v2_balanced_test\test\fake\fake_id30_id20_0004_f000069.png,fake_id30_id20_0004_f000069.png,fake::fake_id30_id20_0004,fake_id30_id20_0004,fake,1,0.5094936490058899,1
CelebDF_v2,D:\資料\專題\PY\deepfake\研討會(二)\CelebDF_v2_balanced_test\test\fake\fake_id30_id20_0004_f000098.png,fake_id30_id20_0004_f000098.png,fake::fake_id30_id20_0004,fake_id30_id20_0004,fake,1,0.5070328712463379,1
CelebDF_v2,D:\資料\專題\PY\deepfake\研討會(二)\CelebDF_v2_balanced_test\test\fake\fake_id30_id21_0002_f000046.png,fake_id30_id21_0002_f000046.png,fake::fake_id30_id21_0002,fake_id30_id21_0002,fake,1,0.49664002656936646,0
CelebDF_v2,D:\資料\專題\PY\deepfake\研討會(二)\CelebDF_v2_balanced_test\test\fake\fake_id30_id21_0002_f000079.png,fake_id30_id21_0002_f000079.png,fake::fake_id30_id21_0002,fake_id30_id21_0002,fake,1,0.48283296823501587,0
CelebDF_v2,D:\資料\專題\PY\deepfake\研討會(二)\CelebDF_v2_balanced_test\test\fake\fake_id30_id21_0002_f000113.png,fake_id30_id21_0002_f000113.png,fake::fake_id30_id21_0002,fake_id30_id21_0002,fake,1,0.47769883275032043,0
CelebDF_v2,D:\資料\專題\PY\deepfake\研討會(二)\CelebDF_v2_balanced_test\test\fake\fake_id30_id21_0005_f000044.png,fake_id30_id21_0005_f000044.png,fake::fake_id30_id21_0005,fake_id30_id21_0005,fake,1,0.49692803621292114,0
CelebDF_v2,D:\資料\專題\PY\deepfake\研討會(二)\CelebDF_v2_balanced_test\test\fake\fake_id30_id21_0005_f000076.png,fake_id30_id21_0005_f000076.png,fake::fake_id30_id21_0005,fake_id30_id21_0005,fake,1,0.4932836890220642,0
CelebDF_v2,D:\資料\專題\PY\deepfake\研討會(二)\CelebDF_v2_balanced_test\test\fake\fake_id30_id21_0005_f000109.png,fake_id30_id21_0005_f000109.png,fake::fake_id30_id21_0005,fake_id30_id21_0005,fake,1,0.4918696880340576,0
CelebDF_v2,D:\資料\專題\PY\deepfake\研討會(二)\CelebDF_v2_balanced_test\test\fake\fake_id30_id26_0006_f000036.png,fake_id30_id26_0006_f000036.png,fake::fake_id30_id26_0006,fake_id30_id26_0006,fake,1,0.5050690770149231,1
CelebDF_v2,D:\資料\專題\PY\deepfake\研討會(二)\CelebDF_v2_balanced_test\test\fake\fake_id30_id26_0006_f000062.png,fake_id30_id26_0006_f000062.png,fake::fake_id30_id26_0006,fake_id30_id26_0006,fake,1,0.5140763521194458,1
CelebDF_v2,D:\資料\專題\PY\deepfake\研討會(二)\CelebDF_v2_balanced_test\test\fake\fake_id30_id26_0006_f000089.png,fake_id30_id26_0006_f000089.png,fake::fake_id30_id26_0006,fake_id30_id26_0006,fake,1,0.5168316960334778,1
CelebDF_v2,D:\資料\專題\PY\deepfake\研討會(二)\CelebDF_v2_balanced_test\test\fake\fake_id30_id28_0000_f000050.png,fake_id30_id28_0000_f000050.png,fake::fake_id30_id28_0000,fake_id30_id28_0000,fake,1,0.4978065490722656,0
CelebDF_v2,D:\資料\專題\PY\deepfake\研討會(二)\CelebDF_v2_balanced_test\test\fake\fake_id30_id28_0000_f000086.png,fake_id30_id28_0000_f000086.png,fake::fake_id30_id28_0000,fake_id30_id28_0000,fake,1,0.4959627687931061,0
CelebDF_v2,D:\資料\專題\PY\deepfake\研討會(二)\CelebDF_v2_balanced_test\test\fake\fake_id30_id28_0000_f000123.png,fake_id30_id28_0000_f000123.png,fake::fake_id30_id28_0000,fake_id30_id28_0000,fake,1,0.49788570404052734,0
CelebDF_v2,D:\資料\專題\PY\deepfake\研討會(二)\CelebDF_v2_balanced_test\test\fake\fake_id30_id28_0004_f000040.png,fake_id30_id28_0004_f000040.png,fake::fake_id30_id28_0004,fake_id30_id28_0004,fake,1,0.506601870059967,1
CelebDF_v2,D:\資料\專題\PY\deepfake\研討會(二)\CelebDF_v2_balanced_test\test\fake\fake_id30_id28_0004_f000069.png,fake_id30_id28_0004_f000069.png,fake::fake_id30_id28_0004,fake_id30_id28_0004,fake,1,0.4965546727180481,0
CelebDF_v2,D:\資料\專題\PY\deepfake\研討會(二)\CelebDF_v2_balanced_test\test\fake\fake_id30_id28_0004_f000098.png,fake_id30_id28_0004_f000098.png,fake::fake_id30_id28_0004,fake_id30_id28_0004,fake,1,0.49747470021247864,0
CelebDF_v2,D:\資料\專題\PY\deepfake\研討會(二)\CelebDF_v2_balanced_test\test\fake\fake_id30_id35_0009_f000047.png,fake_id30_id35_0009_f000047.png,fake::fake_id30_id35_0009,fake_id30_id35_0009,fake,1,0.5200164318084717,1
CelebDF_v2,D:\資料\專題\PY\deepfake\研討會(二)\CelebDF_v2_balanced_test\test\fake\fake_id30_id35_0009_f000081.png,fake_id30_id35_0009_f000081.png,fake::fake_id30_id35_0009,fake_id30_id35_0009,fake,1,0.504895031452179,1
CelebDF_v2,D:\資料\專題\PY\deepfake\研討會(二)\CelebDF_v2_balanced_test\test\fake\fake_id30_id35_0009_f000116.png,fake_id30_id35_0009_f000116.png,fake::fake_id30_id35_0009,fake_id30_id35_0009,fake,1,0.5154483914375305,1
CelebDF_v2,D:\資料\專題\PY\deepfake\研討會(二)\CelebDF_v2_balanced_test\test\fake\fake_id30_id3_0006_f000036.png,fake_id30_id3_0006_f000036.png,fake::fake_id30_id3_0006,fake_id30_id3_0006,fake,1,0.5029861330986023,1
CelebDF_v2,D:\資料\專題\PY\deepfake\研討會(二)\CelebDF_v2_balanced_test\test\fake\fake_id30_id3_0006_f000062.png,fake_id30_id3_0006_f000062.png,fake::fake_id30_id3_0006,fake_id30_id3_0006,fake,1,0.5080254077911377,1
CelebDF_v2,D:\資料\專題\PY\deepfake\研討會(二)\CelebDF_v2_balanced_test\test\fake\fake_id30_id3_0006_f000089.png,fake_id30_id3_0006_f000089.png,fake::fake_id30_id3_0006,fake_id30_id3_0006,fake,1,0.5232071876525879,1
CelebDF_v2,D:\資料\專題\PY\deepfake\研討會(二)\CelebDF_v2_balanced_test\test\fake\fake_id30_id4_0001_f000045.png,fake_id30_id4_0001_f000045.png,fake::fake_id30_id4_0001,fake_id30_id4_0001,fake,1,0.5117127895355225,1
CelebDF_v2,D:\資料\專題\PY\deepfake\研討會(二)\CelebDF_v2_balanced_test\test\fake\fake_id30_id4_0001_f000077.png,fake_id30_id4_0001_f000077.png,fake::fake_id30_id4_0001,fake_id30_id4_0001,fake,1,0.5039841532707214,1
CelebDF_v2,D:\資料\專題\PY\deepfake\研討會(二)\CelebDF_v2_balanced_test\test\fake\fake_id30_id4_0001_f000110.png,fake_id30_id4_0001_f000110.png,fake::fake_id30_id4_0001,fake_id30_id4_0001,fake,1,0.5052235722541809,1
CelebDF_v2,D:\資料\專題\PY\deepfake\研討會(二)\CelebDF_v2_balanced_test\test\fake\fake_id31_id16_0002_f000048.png,fake_id31_id16_0002_f000048.png,fake::fake_id31_id16_0002,fake_id31_id16_0002,fake,1,0.47941988706588745,0
CelebDF_v2,D:\資料\專題\PY\deepfake\研討會(二)\CelebDF_v2_balanced_test\test\fake\fake_id31_id16_0002_f000083.png,fake_id31_id16_0002_f000083.png,fake::fake_id31_id16_0002,fake_id31_id16_0002,fake,1,0.5011005401611328,1
CelebDF_v2,D:\資料\專題\PY\deepfake\研討會(二)\CelebDF_v2_balanced_test\test\fake\fake_id31_id16_0002_f000118.png,fake_id31_id16_0002_f000118.png,fake::fake_id31_id16_0002,fake_id31_id16_0002,fake,1,0.48434579372406006,0
CelebDF_v2,D:\資料\專題\PY\deepfake\研討會(二)\CelebDF_v2_balanced_test\test\fake\fake_id31_id33_0008_f000046.png,fake_id31_id33_0008_f000046.png,fake::fake_id31_id33_0008,fake_id31_id33_0008,fake,1,0.506990909576416,1
CelebDF_v2,D:\資料\專題\PY\deepfake\研討會(二)\CelebDF_v2_balanced_test\test\fake\fake_id31_id33_0008_f000079.png,fake_id31_id33_0008_f000079.png,fake::fake_id31_id33_0008,fake_id31_id33_0008,fake,1,0.46449166536331177,0
CelebDF_v2,D:\資料\專題\PY\deepfake\研討會(二)\CelebDF_v2_balanced_test\test\fake\fake_id31_id33_0008_f000112.png,fake_id31_id33_0008_f000112.png,fake::fake_id31_id33_0008,fake_id31_id33_0008,fake,1,0.46602532267570496,0
CelebDF_v2,D:\資料\專題\PY\deepfake\研討會(二)\CelebDF_v2_balanced_test\test\fake\fake_id32_id31_0006_f000046.png,fake_id32_id31_0006_f000046.png,fake::fake_id32_id31_0006,fake_id32_id31_0006,fake,1,0.49557602405548096,0
CelebDF_v2,D:\資料\專題\PY\deepfake\研討會(二)\CelebDF_v2_balanced_test\test\fake\fake_id32_id31_0006_f000079.png,fake_id32_id31_0006_f000079.png,fake::fake_id32_id31_0006,fake_id32_id31_0006,fake,1,0.4936240613460541,0
CelebDF_v2,D:\資料\專題\PY\deepfake\研討會(二)\CelebDF_v2_balanced_test\test\fake\fake_id32_id31_0006_f000113.png,fake_id32_id31_0006_f000113.png,fake::fake_id32_id31_0006,fake_id32_id31_0006,fake,1,0.4976677894592285,0
CelebDF_v2,D:\資料\專題\PY\deepfake\研討會(二)\CelebDF_v2_balanced_test\test\fake\fake_id32_id33_0004_f000042.png,fake_id32_id33_0004_f000042.png,fake::fake_id32_id33_0004,fake_id32_id33_0004,fake,1,0.5294382572174072,1
CelebDF_v2,D:\資料\專題\PY\deepfake\研討會(二)\CelebDF_v2_balanced_test\test\fake\fake_id32_id33_0004_f000073.png,fake_id32_id33_0004_f000073.png,fake::fake_id32_id33_0004,fake_id32_id33_0004,fake,1,0.522499144077301,1
CelebDF_v2,D:\資料\專題\PY\deepfake\研討會(二)\CelebDF_v2_balanced_test\test\fake\fake_id32_id33_0004_f000104.png,fake_id32_id33_0004_f000104.png,fake::fake_id32_id33_0004,fake_id32_id33_0004,fake,1,0.5377848744392395,1
CelebDF_v2,D:\資料\專題\PY\deepfake\研討會(二)\CelebDF_v2_balanced_test\test\fake\fake_id33_id38_0001_f000044.png,fake_id33_id38_0001_f000044.png,fake::fake_id33_id38_0001,fake_id33_id38_0001,fake,1,0.4747605621814728,0
CelebDF_v2,D:\資料\專題\PY\deepfake\研討會(二)\CelebDF_v2_balanced_test\test\fake\fake_id33_id38_0001_f000076.png,fake_id33_id38_0001_f000076.png,fake::fake_id33_id38_0001,fake_id33_id38_0001,fake,1,0.4752780497074127,0
CelebDF_v2,D:\資料\專題\PY\deepfake\研討會(二)\CelebDF_v2_balanced_test\test\fake\fake_id33_id38_0001_f000108.png,fake_id33_id38_0001_f000108.png,fake::fake_id33_id38_0001,fake_id33_id38_0001,fake,1,0.46813711524009705,0
CelebDF_v2,D:\資料\專題\PY\deepfake\研討會(二)\CelebDF_v2_balanced_test\test\fake\fake_id34_id32_0007_f000047.png,fake_id34_id32_0007_f000047.png,fake::fake_id34_id32_0007,fake_id34_id32_0007,fake,1,0.48793265223503113,0
CelebDF_v2,D:\資料\專題\PY\deepfake\研討會(二)\CelebDF_v2_balanced_test\test\fake\fake_id34_id32_0007_f000081.png,fake_id34_id32_0007_f000081.png,fake::fake_id34_id32_0007,fake_id34_id32_0007,fake,1,0.47031086683273315,0
CelebDF_v2,D:\資料\專題\PY\deepfake\研討會(二)\CelebDF_v2_balanced_test\test\fake\fake_id34_id32_0007_f000115.png,fake_id34_id32_0007_f000115.png,fake::fake_id34_id32_0007,fake_id34_id32_0007,fake,1,0.47336050868034363,0
CelebDF_v2,D:\資料\專題\PY\deepfake\研討會(二)\CelebDF_v2_balanced_test\test\fake\fake_id34_id33_0005_f000047.png,fake_id34_id33_0005_f000047.png,fake::fake_id34_id33_0005,fake_id34_id33_0005,fake,1,0.47411373257637024,0
CelebDF_v2,D:\資料\專題\PY\deepfake\研討會(二)\CelebDF_v2_balanced_test\test\fake\fake_id34_id33_0005_f000081.png,fake_id34_id33_0005_f000081.png,fake::fake_id34_id33_0005,fake_id34_id33_0005,fake,1,0.47814810276031494,0
CelebDF_v2,D:\資料\專題\PY\deepfake\研討會(二)\CelebDF_v2_balanced_test\test\fake\fake_id34_id33_0005_f000116.png,fake_id34_id33_0005_f000116.png,fake::fake_id34_id33_0005,fake_id34_id33_0005,fake,1,0.481945276260376,0
CelebDF_v2,D:\資料\專題\PY\deepfake\研討會(二)\CelebDF_v2_balanced_test\test\fake\fake_id35_id16_0004_f000025.png,fake_id35_id16_0004_f000025.png,fake::fake_id35_id16_0004,fake_id35_id16_0004,fake,1,0.4948855936527252,0
CelebDF_v2,D:\資料\專題\PY\deepfake\研討會(二)\CelebDF_v2_balanced_test\test\fake\fake_id35_id16_0004_f000043.png,fake_id35_id16_0004_f000043.png,fake::fake_id35_id16_0004,fake_id35_id16_0004,fake,1,0.48526427149772644,0
CelebDF_v2,D:\資料\專題\PY\deepfake\研討會(二)\CelebDF_v2_balanced_test\test\fake\fake_id35_id16_0004_f000062.png,fake_id35_id16_0004_f000062.png,fake::fake_id35_id16_0004,fake_id35_id16_0004,fake,1,0.4967699348926544,0
CelebDF_v2,D:\資料\專題\PY\deepfake\研討會(二)\CelebDF_v2_balanced_test\test\fake\fake_id35_id20_0007_f000039.png,fake_id35_id20_0007_f000039.png,fake::fake_id35_id20_0007,fake_id35_id20_0007,fake,1,0.4757119119167328,0
CelebDF_v2,D:\資料\專題\PY\deepfake\研討會(二)\CelebDF_v2_balanced_test\test\fake\fake_id35_id20_0007_f000068.png,fake_id35_id20_0007_f000068.png,fake::fake_id35_id20_0007,fake_id35_id20_0007,fake,1,0.4799530804157257,0
CelebDF_v2,D:\資料\專題\PY\deepfake\研討會(二)\CelebDF_v2_balanced_test\test\fake\fake_id35_id20_0007_f000097.png,fake_id35_id20_0007_f000097.png,fake::fake_id35_id20_0007,fake_id35_id20_0007,fake,1,0.4735659658908844,0
CelebDF_v2,D:\資料\專題\PY\deepfake\研討會(二)\CelebDF_v2_balanced_test\test\fake\fake_id35_id26_0003_f000045.png,fake_id35_id26_0003_f000045.png,fake::fake_id35_id26_0003,fake_id35_id26_0003,fake,1,0.5499880909919739,1
CelebDF_v2,D:\資料\專題\PY\deepfake\研討會(二)\CelebDF_v2_balanced_test\test\fake\fake_id35_id26_0003_f000077.png,fake_id35_id26_0003_f000077.png,fake::fake_id35_id26_0003,fake_id35_id26_0003,fake,1,0.5233975052833557,1
CelebDF_v2,D:\資料\專題\PY\deepfake\研討會(二)\CelebDF_v2_balanced_test\test\fake\fake_id35_id26_0003_f000110.png,fake_id35_id26_0003_f000110.png,fake::fake_id35_id26_0003,fake_id35_id26_0003,fake,1,0.5141182541847229,1
CelebDF_v2,D:\資料\專題\PY\deepfake\研討會(二)\CelebDF_v2_balanced_test\test\fake\fake_id35_id28_0006_f000022.png,fake_id35_id28_0006_f000022.png,fake::fake_id35_id28_0006,fake_id35_id28_0006,fake,1,0.4913109838962555,0
CelebDF_v2,D:\資料\專題\PY\deepfake\研討會(二)\CelebDF_v2_balanced_test\test\fake\fake_id35_id28_0006_f000038.png,fake_id35_id28_0006_f000038.png,fake::fake_id35_id28_0006,fake_id35_id28_0006,fake,1,0.4787725508213043,0
CelebDF_v2,D:\資料\專題\PY\deepfake\研討會(二)\CelebDF_v2_balanced_test\test\fake\fake_id35_id28_0006_f000055.png,fake_id35_id28_0006_f000055.png,fake::fake_id35_id28_0006,fake_id35_id28_0006,fake,1,0.4834654629230499,0
CelebDF_v2,D:\資料\專題\PY\deepfake\研討會(二)\CelebDF_v2_balanced_test\test\fake\fake_id35_id31_0006_f000022.png,fake_id35_id31_0006_f000022.png,fake::fake_id35_id31_0006,fake_id35_id31_0006,fake,1,0.5047546625137329,1
CelebDF_v2,D:\資料\專題\PY\deepfake\研討會(二)\CelebDF_v2_balanced_test\test\fake\fake_id35_id31_0006_f000038.png,fake_id35_id31_0006_f000038.png,fake::fake_id35_id31_0006,fake_id35_id31_0006,fake,1,0.5131195783615112,1
CelebDF_v2,D:\資料\專題\PY\deepfake\研討會(二)\CelebDF_v2_balanced_test\test\fake\fake_id35_id31_0006_f000055.png,fake_id35_id31_0006_f000055.png,fake::fake_id35_id31_0006,fake_id35_id31_0006,fake,1,0.5180471539497375,1
CelebDF_v2,D:\資料\專題\PY\deepfake\研討會(二)\CelebDF_v2_balanced_test\test\fake\fake_id35_id31_0007_f000039.png,fake_id35_id31_0007_f000039.png,fake::fake_id35_id31_0007,fake_id35_id31_0007,fake,1,0.4775084853172302,0
CelebDF_v2,D:\資料\專題\PY\deepfake\研討會(二)\CelebDF_v2_balanced_test\test\fake\fake_id35_id31_0007_f000068.png,fake_id35_id31_0007_f000068.png,fake::fake_id35_id31_0007,fake_id35_id31_0007,fake,1,0.46818268299102783,0
CelebDF_v2,D:\資料\專題\PY\deepfake\研討會(二)\CelebDF_v2_balanced_test\test\fake\fake_id35_id31_0007_f000097.png,fake_id35_id31_0007_f000097.png,fake::fake_id35_id31_0007,fake_id35_id31_0007,fake,1,0.4703640937805176,0
CelebDF_v2,D:\資料\專題\PY\deepfake\研討會(二)\CelebDF_v2_balanced_test\test\fake\fake_id35_id32_0007_f000039.png,fake_id35_id32_0007_f000039.png,fake::fake_id35_id32_0007,fake_id35_id32_0007,fake,1,0.4861752390861511,0
CelebDF_v2,D:\資料\專題\PY\deepfake\研討會(二)\CelebDF_v2_balanced_test\test\fake\fake_id35_id32_0007_f000068.png,fake_id35_id32_0007_f000068.png,fake::fake_id35_id32_0007,fake_id35_id32_0007,fake,1,0.48502036929130554,0
CelebDF_v2,D:\資料\專題\PY\deepfake\研討會(二)\CelebDF_v2_balanced_test\test\fake\fake_id35_id32_0007_f000097.png,fake_id35_id32_0007_f000097.png,fake::fake_id35_id32_0007,fake_id35_id32_0007,fake,1,0.47692984342575073,0
CelebDF_v2,D:\資料\專題\PY\deepfake\研討會(二)\CelebDF_v2_balanced_test\test\fake\fake_id37_id29_0002_f000045.png,fake_id37_id29_0002_f000045.png,fake::fake_id37_id29_0002,fake_id37_id29_0002,fake,1,0.49024131894111633,0
CelebDF_v2,D:\資料\專題\PY\deepfake\研討會(二)\CelebDF_v2_balanced_test\test\fake\fake_id37_id29_0002_f000078.png,fake_id37_id29_0002_f000078.png,fake::fake_id37_id29_0002,fake_id37_id29_0002,fake,1,0.504151463508606,1
CelebDF_v2,D:\資料\專題\PY\deepfake\研討會(二)\CelebDF_v2_balanced_test\test\fake\fake_id37_id29_0002_f000111.png,fake_id37_id29_0002_f000111.png,fake::fake_id37_id29_0002,fake_id37_id29_0002,fake,1,0.4838503897190094,0
CelebDF_v2,D:\資料\專題\PY\deepfake\研討會(二)\CelebDF_v2_balanced_test\test\fake\fake_id37_id2_0009_f000047.png,fake_id37_id2_0009_f000047.png,fake::fake_id37_id2_0009,fake_id37_id2_0009,fake,1,0.4804939329624176,0
CelebDF_v2,D:\資料\專題\PY\deepfake\研討會(二)\CelebDF_v2_balanced_test\test\fake\fake_id37_id2_0009_f000081.png,fake_id37_id2_0009_f000081.png,fake::fake_id37_id2_0009,fake_id37_id2_0009,fake,1,0.49000489711761475,0
CelebDF_v2,D:\資料\專題\PY\deepfake\研討會(二)\CelebDF_v2_balanced_test\test\fake\fake_id37_id2_0009_f000115.png,fake_id37_id2_0009_f000115.png,fake::fake_id37_id2_0009,fake_id37_id2_0009,fake,1,0.4842924475669861,0
CelebDF_v2,D:\資料\專題\PY\deepfake\研討會(二)\CelebDF_v2_balanced_test\test\fake\fake_id37_id31_0008_f000048.png,fake_id37_id31_0008_f000048.png,fake::fake_id37_id31_0008,fake_id37_id31_0008,fake,1,0.5061346888542175,1
CelebDF_v2,D:\資料\專題\PY\deepfake\研討會(二)\CelebDF_v2_balanced_test\test\fake\fake_id37_id31_0008_f000083.png,fake_id37_id31_0008_f000083.png,fake::fake_id37_id31_0008,fake_id37_id31_0008,fake,1,0.4711548089981079,0
CelebDF_v2,D:\資料\專題\PY\deepfake\研討會(二)\CelebDF_v2_balanced_test\test\fake\fake_id37_id31_0008_f000118.png,fake_id37_id31_0008_f000118.png,fake::fake_id37_id31_0008,fake_id37_id31_0008,fake,1,0.5103821158409119,1
CelebDF_v2,D:\資料\專題\PY\deepfake\研討會(二)\CelebDF_v2_balanced_test\test\fake\fake_id37_id35_0001_f000029.png,fake_id37_id35_0001_f000029.png,fake::fake_id37_id35_0001,fake_id37_id35_0001,fake,1,0.48539769649505615,0
CelebDF_v2,D:\資料\專題\PY\deepfake\研討會(二)\CelebDF_v2_balanced_test\test\fake\fake_id37_id35_0001_f000050.png,fake_id37_id35_0001_f000050.png,fake::fake_id37_id35_0001,fake_id37_id35_0001,fake,1,0.4850165545940399,0
CelebDF_v2,D:\資料\專題\PY\deepfake\研討會(二)\CelebDF_v2_balanced_test\test\fake\fake_id37_id35_0001_f000071.png,fake_id37_id35_0001_f000071.png,fake::fake_id37_id35_0001,fake_id37_id35_0001,fake,1,0.49057692289352417,0
CelebDF_v2,D:\資料\專題\PY\deepfake\研討會(二)\CelebDF_v2_balanced_test\test\fake\fake_id37_id35_0005_f000045.png,fake_id37_id35_0005_f000045.png,fake::fake_id37_id35_0005,fake_id37_id35_0005,fake,1,0.48543581366539,0
CelebDF_v2,D:\資料\專題\PY\deepfake\研討會(二)\CelebDF_v2_balanced_test\test\fake\fake_id37_id35_0005_f000078.png,fake_id37_id35_0005_f000078.png,fake::fake_id37_id35_0005,fake_id37_id35_0005,fake,1,0.5010757446289062,1
CelebDF_v2,D:\資料\專題\PY\deepfake\研討會(二)\CelebDF_v2_balanced_test\test\fake\fake_id37_id35_0005_f000111.png,fake_id37_id35_0005_f000111.png,fake::fake_id37_id35_0005,fake_id37_id35_0005,fake,1,0.4873417615890503,0
CelebDF_v2,D:\資料\專題\PY\deepfake\研討會(二)\CelebDF_v2_balanced_test\test\fake\fake_id37_id38_0009_f000047.png,fake_id37_id38_0009_f000047.png,fake::fake_id37_id38_0009,fake_id37_id38_0009,fake,1,0.4826500713825226,0
CelebDF_v2,D:\資料\專題\PY\deepfake\研討會(二)\CelebDF_v2_balanced_test\test\fake\fake_id37_id38_0009_f000081.png,fake_id37_id38_0009_f000081.png,fake::fake_id37_id38_0009,fake_id37_id38_0009,fake,1,0.4759249985218048,0
CelebDF_v2,D:\資料\專題\PY\deepfake\研討會(二)\CelebDF_v2_balanced_test\test\fake\fake_id37_id38_0009_f000115.png,fake_id37_id38_0009_f000115.png,fake::fake_id37_id38_0009,fake_id37_id38_0009,fake,1,0.4795798659324646,0
CelebDF_v2,D:\資料\專題\PY\deepfake\研討會(二)\CelebDF_v2_balanced_test\test\fake\fake_id37_id3_0006_f000045.png,fake_id37_id3_0006_f000045.png,fake::fake_id37_id3_0006,fake_id37_id3_0006,fake,1,0.4996948540210724,0
CelebDF_v2,D:\資料\專題\PY\deepfake\研討會(二)\CelebDF_v2_balanced_test\test\fake\fake_id37_id3_0006_f000077.png,fake_id37_id3_0006_f000077.png,fake::fake_id37_id3_0006,fake_id37_id3_0006,fake,1,0.49256473779678345,0
CelebDF_v2,D:\資料\專題\PY\deepfake\研討會(二)\CelebDF_v2_balanced_test\test\fake\fake_id37_id3_0006_f000110.png,fake_id37_id3_0006_f000110.png,fake::fake_id37_id3_0006,fake_id37_id3_0006,fake,1,0.5089826583862305,1
CelebDF_v2,D:\資料\專題\PY\deepfake\研討會(二)\CelebDF_v2_balanced_test\test\fake\fake_id38_id30_0006_f000046.png,fake_id38_id30_0006_f000046.png,fake::fake_id38_id30_0006,fake_id38_id30_0006,fake,1,0.4750877916812897,0
CelebDF_v2,D:\資料\專題\PY\deepfake\研討會(二)\CelebDF_v2_balanced_test\test\fake\fake_id38_id30_0006_f000079.png,fake_id38_id30_0006_f000079.png,fake::fake_id38_id30_0006,fake_id38_id30_0006,fake,1,0.4795341491699219,0
CelebDF_v2,D:\資料\專題\PY\deepfake\研討會(二)\CelebDF_v2_balanced_test\test\fake\fake_id38_id30_0006_f000113.png,fake_id38_id30_0006_f000113.png,fake::fake_id38_id30_0006,fake_id38_id30_0006,fake,1,0.48811182379722595,0
CelebDF_v2,D:\資料\專題\PY\deepfake\研討會(二)\CelebDF_v2_balanced_test\test\fake\fake_id38_id34_0003_f000047.png,fake_id38_id34_0003_f000047.png,fake::fake_id38_id34_0003,fake_id38_id34_0003,fake,1,0.4815528690814972,0
CelebDF_v2,D:\資料\專題\PY\deepfake\研討會(二)\CelebDF_v2_balanced_test\test\fake\fake_id38_id34_0003_f000081.png,fake_id38_id34_0003_f000081.png,fake::fake_id38_id34_0003,fake_id38_id34_0003,fake,1,0.47760745882987976,0
CelebDF_v2,D:\資料\專題\PY\deepfake\研討會(二)\CelebDF_v2_balanced_test\test\fake\fake_id38_id34_0003_f000115.png,fake_id38_id34_0003_f000115.png,fake::fake_id38_id34_0003,fake_id38_id34_0003,fake,1,0.47849076986312866,0
CelebDF_v2,D:\資料\專題\PY\deepfake\研討會(二)\CelebDF_v2_balanced_test\test\fake\fake_id39_id44_0000_f000032.png,fake_id39_id44_0000_f000032.png,fake::fake_id39_id44_0000,fake_id39_id44_0000,fake,1,0.48551201820373535,0
CelebDF_v2,D:\資料\專題\PY\deepfake\研討會(二)\CelebDF_v2_balanced_test\test\fake\fake_id39_id44_0000_f000055.png,fake_id39_id44_0000_f000055.png,fake::fake_id39_id44_0000,fake_id39_id44_0000,fake,1,0.5108796954154968,1
CelebDF_v2,D:\資料\專題\PY\deepfake\研討會(二)\CelebDF_v2_balanced_test\test\fake\fake_id39_id44_0000_f000078.png,fake_id39_id44_0000_f000078.png,fake::fake_id39_id44_0000,fake_id39_id44_0000,fake,1,0.49000874161720276,0
CelebDF_v2,D:\資料\專題\PY\deepfake\研討會(二)\CelebDF_v2_balanced_test\test\fake\fake_id39_id44_0008_f000031.png,fake_id39_id44_0008_f000031.png,fake::fake_id39_id44_0008,fake_id39_id44_0008,fake,1,0.465076208114624,0
CelebDF_v2,D:\資料\專題\PY\deepfake\研討會(二)\CelebDF_v2_balanced_test\test\fake\fake_id39_id44_0008_f000053.png,fake_id39_id44_0008_f000053.png,fake::fake_id39_id44_0008,fake_id39_id44_0008,fake,1,0.45159855484962463,0
CelebDF_v2,D:\資料\專題\PY\deepfake\研討會(二)\CelebDF_v2_balanced_test\test\fake\fake_id39_id44_0008_f000076.png,fake_id39_id44_0008_f000076.png,fake::fake_id39_id44_0008,fake_id39_id44_0008,fake,1,0.45510777831077576,0
CelebDF_v2,D:\資料\專題\PY\deepfake\研討會(二)\CelebDF_v2_balanced_test\test\fake\fake_id39_id47_0004_f000028.png,fake_id39_id47_0004_f000028.png,fake::fake_id39_id47_0004,fake_id39_id47_0004,fake,1,0.47732576727867126,0
CelebDF_v2,D:\資料\專題\PY\deepfake\研討會(二)\CelebDF_v2_balanced_test\test\fake\fake_id39_id47_0004_f000048.png,fake_id39_id47_0004_f000048.png,fake::fake_id39_id47_0004,fake_id39_id47_0004,fake,1,0.46695953607559204,0
CelebDF_v2,D:\資料\專題\PY\deepfake\研討會(二)\CelebDF_v2_balanced_test\test\fake\fake_id39_id47_0004_f000068.png,fake_id39_id47_0004_f000068.png,fake::fake_id39_id47_0004,fake_id39_id47_0004,fake,1,0.48505082726478577,0
CelebDF_v2,D:\資料\專題\PY\deepfake\研討會(二)\CelebDF_v2_balanced_test\test\fake\fake_id3_id28_0009_f000049.png,fake_id3_id28_0009_f000049.png,fake::fake_id3_id28_0009,fake_id3_id28_0009,fake,1,0.47680041193962097,0
CelebDF_v2,D:\資料\專題\PY\deepfake\研討會(二)\CelebDF_v2_balanced_test\test\fake\fake_id3_id28_0009_f000085.png,fake_id3_id28_0009_f000085.png,fake::fake_id3_id28_0009,fake_id3_id28_0009,fake,1,0.4786278307437897,0
CelebDF_v2,D:\資料\專題\PY\deepfake\研討會(二)\CelebDF_v2_balanced_test\test\fake\fake_id3_id28_0009_f000121.png,fake_id3_id28_0009_f000121.png,fake::fake_id3_id28_0009,fake_id3_id28_0009,fake,1,0.48570260405540466,0
CelebDF_v2,D:\資料\專題\PY\deepfake\研討會(二)\CelebDF_v2_balanced_test\test\fake\fake_id3_id6_0001_f000038.png,fake_id3_id6_0001_f000038.png,fake::fake_id3_id6_0001,fake_id3_id6_0001,fake,1,0.48800891637802124,0
CelebDF_v2,D:\資料\專題\PY\deepfake\研討會(二)\CelebDF_v2_balanced_test\test\fake\fake_id3_id6_0001_f000065.png,fake_id3_id6_0001_f000065.png,fake::fake_id3_id6_0001,fake_id3_id6_0001,fake,1,0.4612594544887543,0
CelebDF_v2,D:\資料\專題\PY\deepfake\研討會(二)\CelebDF_v2_balanced_test\test\fake\fake_id3_id6_0001_f000093.png,fake_id3_id6_0001_f000093.png,fake::fake_id3_id6_0001,fake_id3_id6_0001,fake,1,0.45815175771713257,0
CelebDF_v2,D:\資料\專題\PY\deepfake\研討會(二)\CelebDF_v2_balanced_test\test\fake\fake_id3_id9_0001_f000038.png,fake_id3_id9_0001_f000038.png,fake::fake_id3_id9_0001,fake_id3_id9_0001,fake,1,0.5168736577033997,1
CelebDF_v2,D:\資料\專題\PY\deepfake\研討會(二)\CelebDF_v2_balanced_test\test\fake\fake_id3_id9_0001_f000065.png,fake_id3_id9_0001_f000065.png,fake::fake_id3_id9_0001,fake_id3_id9_0001,fake,1,0.49581965804100037,0
CelebDF_v2,D:\資料\專題\PY\deepfake\研討會(二)\CelebDF_v2_balanced_test\test\fake\fake_id3_id9_0001_f000093.png,fake_id3_id9_0001_f000093.png,fake::fake_id3_id9_0001,fake_id3_id9_0001,fake,1,0.5338835716247559,1
CelebDF_v2,D:\資料\專題\PY\deepfake\研討會(二)\CelebDF_v2_balanced_test\test\fake\fake_id42_id40_0001_f000031.png,fake_id42_id40_0001_f000031.png,fake::fake_id42_id40_0001,fake_id42_id40_0001,fake,1,0.4645978808403015,0
CelebDF_v2,D:\資料\專題\PY\deepfake\研討會(二)\CelebDF_v2_balanced_test\test\fake\fake_id42_id40_0001_f000053.png,fake_id42_id40_0001_f000053.png,fake::fake_id42_id40_0001,fake_id42_id40_0001,fake,1,0.466594934463501,0
CelebDF_v2,D:\資料\專題\PY\deepfake\研討會(二)\CelebDF_v2_balanced_test\test\fake\fake_id42_id40_0001_f000076.png,fake_id42_id40_0001_f000076.png,fake::fake_id42_id40_0001,fake_id42_id40_0001,fake,1,0.46133527159690857,0
CelebDF_v2,D:\資料\專題\PY\deepfake\研討會(二)\CelebDF_v2_balanced_test\test\fake\fake_id43_id39_0000_f000031.png,fake_id43_id39_0000_f000031.png,fake::fake_id43_id39_0000,fake_id43_id39_0000,fake,1,0.49189257621765137,0
CelebDF_v2,D:\資料\專題\PY\deepfake\研討會(二)\CelebDF_v2_balanced_test\test\fake\fake_id43_id39_0000_f000054.png,fake_id43_id39_0000_f000054.png,fake::fake_id43_id39_0000,fake_id43_id39_0000,fake,1,0.4946576952934265,0
CelebDF_v2,D:\資料\專題\PY\deepfake\研討會(二)\CelebDF_v2_balanced_test\test\fake\fake_id43_id39_0000_f000077.png,fake_id43_id39_0000_f000077.png,fake::fake_id43_id39_0000,fake_id43_id39_0000,fake,1,0.502018928527832,1
CelebDF_v2,D:\資料\專題\PY\deepfake\研討會(二)\CelebDF_v2_balanced_test\test\fake\fake_id44_id41_0005_f000033.png,fake_id44_id41_0005_f000033.png,fake::fake_id44_id41_0005,fake_id44_id41_0005,fake,1,0.540635883808136,1
CelebDF_v2,D:\資料\專題\PY\deepfake\研討會(二)\CelebDF_v2_balanced_test\test\fake\fake_id44_id41_0005_f000057.png,fake_id44_id41_0005_f000057.png,fake::fake_id44_id41_0005,fake_id44_id41_0005,fake,1,0.524371862411499,1
CelebDF_v2,D:\資料\專題\PY\deepfake\研討會(二)\CelebDF_v2_balanced_test\test\fake\fake_id44_id41_0005_f000081.png,fake_id44_id41_0005_f000081.png,fake::fake_id44_id41_0005,fake_id44_id41_0005,fake,1,0.5396049618721008,1
CelebDF_v2,D:\資料\專題\PY\deepfake\研討會(二)\CelebDF_v2_balanced_test\test\fake\fake_id44_id45_0000_f000030.png,fake_id44_id45_0000_f000030.png,fake::fake_id44_id45_0000,fake_id44_id45_0000,fake,1,0.4908056855201721,0
CelebDF_v2,D:\資料\專題\PY\deepfake\研討會(二)\CelebDF_v2_balanced_test\test\fake\fake_id44_id45_0000_f000052.png,fake_id44_id45_0000_f000052.png,fake::fake_id44_id45_0000,fake_id44_id45_0000,fake,1,0.49054259061813354,0
CelebDF_v2,D:\資料\專題\PY\deepfake\研討會(二)\CelebDF_v2_balanced_test\test\fake\fake_id44_id45_0000_f000074.png,fake_id44_id45_0000_f000074.png,fake::fake_id44_id45_0000,fake_id44_id45_0000,fake,1,0.47977790236473083,0
CelebDF_v2,D:\資料\專題\PY\deepfake\研討會(二)\CelebDF_v2_balanced_test\test\fake\fake_id45_id39_0008_f000032.png,fake_id45_id39_0008_f000032.png,fake::fake_id45_id39_0008,fake_id45_id39_0008,fake,1,0.5162182450294495,1
CelebDF_v2,D:\資料\專題\PY\deepfake\研討會(二)\CelebDF_v2_balanced_test\test\fake\fake_id45_id39_0008_f000055.png,fake_id45_id39_0008_f000055.png,fake::fake_id45_id39_0008,fake_id45_id39_0008,fake,1,0.5122731924057007,1
CelebDF_v2,D:\資料\專題\PY\deepfake\研討會(二)\CelebDF_v2_balanced_test\test\fake\fake_id45_id39_0008_f000078.png,fake_id45_id39_0008_f000078.png,fake::fake_id45_id39_0008,fake_id45_id39_0008,fake,1,0.511146605014801,1
CelebDF_v2,D:\資料\專題\PY\deepfake\研討會(二)\CelebDF_v2_balanced_test\test\fake\fake_id45_id47_0002_f000028.png,fake_id45_id47_0002_f000028.png,fake::fake_id45_id47_0002,fake_id45_id47_0002,fake,1,0.4761457145214081,0
CelebDF_v2,D:\資料\專題\PY\deepfake\研討會(二)\CelebDF_v2_balanced_test\test\fake\fake_id45_id47_0002_f000048.png,fake_id45_id47_0002_f000048.png,fake::fake_id45_id47_0002,fake_id45_id47_0002,fake,1,0.5166983604431152,1
CelebDF_v2,D:\資料\專題\PY\deepfake\研討會(二)\CelebDF_v2_balanced_test\test\fake\fake_id45_id47_0002_f000069.png,fake_id45_id47_0002_f000069.png,fake::fake_id45_id47_0002,fake_id45_id47_0002,fake,1,0.49205848574638367,0
CelebDF_v2,D:\資料\專題\PY\deepfake\研討會(二)\CelebDF_v2_balanced_test\test\fake\fake_id46_id41_0000_f000033.png,fake_id46_id41_0000_f000033.png,fake::fake_id46_id41_0000,fake_id46_id41_0000,fake,1,0.4954477548599243,0
CelebDF_v2,D:\資料\專題\PY\deepfake\研討會(二)\CelebDF_v2_balanced_test\test\fake\fake_id46_id41_0000_f000057.png,fake_id46_id41_0000_f000057.png,fake::fake_id46_id41_0000,fake_id46_id41_0000,fake,1,0.4883996546268463,0
CelebDF_v2,D:\資料\專題\PY\deepfake\研討會(二)\CelebDF_v2_balanced_test\test\fake\fake_id46_id41_0000_f000081.png,fake_id46_id41_0000_f000081.png,fake::fake_id46_id41_0000,fake_id46_id41_0000,fake,1,0.4911946952342987,0
CelebDF_v2,D:\資料\專題\PY\deepfake\研討會(二)\CelebDF_v2_balanced_test\test\fake\fake_id48_id41_0001_f000031.png,fake_id48_id41_0001_f000031.png,fake::fake_id48_id41_0001,fake_id48_id41_0001,fake,1,0.46972548961639404,0
CelebDF_v2,D:\資料\專題\PY\deepfake\研討會(二)\CelebDF_v2_balanced_test\test\fake\fake_id48_id41_0001_f000053.png,fake_id48_id41_0001_f000053.png,fake::fake_id48_id41_0001,fake_id48_id41_0001,fake,1,0.4699459671974182,0
CelebDF_v2,D:\資料\專題\PY\deepfake\研討會(二)\CelebDF_v2_balanced_test\test\fake\fake_id48_id41_0001_f000075.png,fake_id48_id41_0001_f000075.png,fake::fake_id48_id41_0001,fake_id48_id41_0001,fake,1,0.46444612741470337,0
CelebDF_v2,D:\資料\專題\PY\deepfake\研討會(二)\CelebDF_v2_balanced_test\test\fake\fake_id48_id45_0002_f000031.png,fake_id48_id45_0002_f000031.png,fake::fake_id48_id45_0002,fake_id48_id45_0002,fake,1,0.4965009093284607,0
CelebDF_v2,D:\資料\專題\PY\deepfake\研討會(二)\CelebDF_v2_balanced_test\test\fake\fake_id48_id45_0002_f000054.png,fake_id48_id45_0002_f000054.png,fake::fake_id48_id45_0002,fake_id48_id45_0002,fake,1,0.495795339345932,0
CelebDF_v2,D:\資料\專題\PY\deepfake\研討會(二)\CelebDF_v2_balanced_test\test\fake\fake_id48_id45_0002_f000077.png,fake_id48_id45_0002_f000077.png,fake::fake_id48_id45_0002,fake_id48_id45_0002,fake,1,0.49954983592033386,0
CelebDF_v2,D:\資料\專題\PY\deepfake\研討會(二)\CelebDF_v2_balanced_test\test\fake\fake_id48_id47_0008_f000033.png,fake_id48_id47_0008_f000033.png,fake::fake_id48_id47_0008,fake_id48_id47_0008,fake,1,0.4542754292488098,0
CelebDF_v2,D:\資料\專題\PY\deepfake\研討會(二)\CelebDF_v2_balanced_test\test\fake\fake_id48_id47_0008_f000057.png,fake_id48_id47_0008_f000057.png,fake::fake_id48_id47_0008,fake_id48_id47_0008,fake,1,0.4514171779155731,0
CelebDF_v2,D:\資料\專題\PY\deepfake\研討會(二)\CelebDF_v2_balanced_test\test\fake\fake_id48_id47_0008_f000082.png,fake_id48_id47_0008_f000082.png,fake::fake_id48_id47_0008,fake_id48_id47_0008,fake,1,0.43880024552345276,0
CelebDF_v2,D:\資料\專題\PY\deepfake\研討會(二)\CelebDF_v2_balanced_test\test\fake\fake_id49_id52_0007_f000038.png,fake_id49_id52_0007_f000038.png,fake::fake_id49_id52_0007,fake_id49_id52_0007,fake,1,0.4798235595226288,0
CelebDF_v2,D:\資料\專題\PY\deepfake\研討會(二)\CelebDF_v2_balanced_test\test\fake\fake_id49_id52_0007_f000065.png,fake_id49_id52_0007_f000065.png,fake::fake_id49_id52_0007,fake_id49_id52_0007,fake,1,0.47070619463920593,0
CelebDF_v2,D:\資料\專題\PY\deepfake\研討會(二)\CelebDF_v2_balanced_test\test\fake\fake_id49_id52_0007_f000093.png,fake_id49_id52_0007_f000093.png,fake::fake_id49_id52_0007,fake_id49_id52_0007,fake,1,0.469277024269104,0
CelebDF_v2,D:\資料\專題\PY\deepfake\研討會(二)\CelebDF_v2_balanced_test\test\fake\fake_id4_id0_0000_f000047.png,fake_id4_id0_0000_f000047.png,fake::fake_id4_id0_0000,fake_id4_id0_0000,fake,1,0.5101723670959473,1
CelebDF_v2,D:\資料\專題\PY\deepfake\研討會(二)\CelebDF_v2_balanced_test\test\fake\fake_id4_id0_0000_f000081.png,fake_id4_id0_0000_f000081.png,fake::fake_id4_id0_0000,fake_id4_id0_0000,fake,1,0.5022850036621094,1
CelebDF_v2,D:\資料\專題\PY\deepfake\研討會(二)\CelebDF_v2_balanced_test\test\fake\fake_id4_id0_0000_f000116.png,fake_id4_id0_0000_f000116.png,fake::fake_id4_id0_0000,fake_id4_id0_0000,fake,1,0.4971742630004883,0
CelebDF_v2,D:\資料\專題\PY\deepfake\研討會(二)\CelebDF_v2_balanced_test\test\fake\fake_id4_id1_0003_f000044.png,fake_id4_id1_0003_f000044.png,fake::fake_id4_id1_0003,fake_id4_id1_0003,fake,1,0.5383158326148987,1
CelebDF_v2,D:\資料\專題\PY\deepfake\研討會(二)\CelebDF_v2_balanced_test\test\fake\fake_id4_id1_0003_f000076.png,fake_id4_id1_0003_f000076.png,fake::fake_id4_id1_0003,fake_id4_id1_0003,fake,1,0.5174185037612915,1
CelebDF_v2,D:\資料\專題\PY\deepfake\研討會(二)\CelebDF_v2_balanced_test\test\fake\fake_id4_id1_0003_f000108.png,fake_id4_id1_0003_f000108.png,fake::fake_id4_id1_0003,fake_id4_id1_0003,fake,1,0.5632878541946411,1
CelebDF_v2,D:\資料\專題\PY\deepfake\研討會(二)\CelebDF_v2_balanced_test\test\fake\fake_id4_id20_0001_f000045.png,fake_id4_id20_0001_f000045.png,fake::fake_id4_id20_0001,fake_id4_id20_0001,fake,1,0.5225144028663635,1
CelebDF_v2,D:\資料\專題\PY\deepfake\研討會(二)\CelebDF_v2_balanced_test\test\fake\fake_id4_id20_0001_f000078.png,fake_id4_id20_0001_f000078.png,fake::fake_id4_id20_0001,fake_id4_id20_0001,fake,1,0.5336253046989441,1
CelebDF_v2,D:\資料\專題\PY\deepfake\研討會(二)\CelebDF_v2_balanced_test\test\fake\fake_id4_id20_0001_f000111.png,fake_id4_id20_0001_f000111.png,fake::fake_id4_id20_0001,fake_id4_id20_0001,fake,1,0.5419391393661499,1
CelebDF_v2,D:\資料\專題\PY\deepfake\研討會(二)\CelebDF_v2_balanced_test\test\fake\fake_id4_id20_0008_f000032.png,fake_id4_id20_0008_f000032.png,fake::fake_id4_id20_0008,fake_id4_id20_0008,fake,1,0.5206562876701355,1
CelebDF_v2,D:\資料\專題\PY\deepfake\研討會(二)\CelebDF_v2_balanced_test\test\fake\fake_id4_id20_0008_f000055.png,fake_id4_id20_0008_f000055.png,fake::fake_id4_id20_0008,fake_id4_id20_0008,fake,1,0.5223773121833801,1
CelebDF_v2,D:\資料\專題\PY\deepfake\研討會(二)\CelebDF_v2_balanced_test\test\fake\fake_id4_id20_0008_f000079.png,fake_id4_id20_0008_f000079.png,fake::fake_id4_id20_0008,fake_id4_id20_0008,fake,1,0.5052178502082825,1
CelebDF_v2,D:\資料\專題\PY\deepfake\研討會(二)\CelebDF_v2_balanced_test\test\fake\fake_id4_id21_0009_f000048.png,fake_id4_id21_0009_f000048.png,fake::fake_id4_id21_0009,fake_id4_id21_0009,fake,1,0.5074848532676697,1
CelebDF_v2,D:\資料\專題\PY\deepfake\研討會(二)\CelebDF_v2_balanced_test\test\fake\fake_id4_id21_0009_f000083.png,fake_id4_id21_0009_f000083.png,fake::fake_id4_id21_0009,fake_id4_id21_0009,fake,1,0.5083972811698914,1
CelebDF_v2,D:\資料\專題\PY\deepfake\研討會(二)\CelebDF_v2_balanced_test\test\fake\fake_id4_id21_0009_f000118.png,fake_id4_id21_0009_f000118.png,fake::fake_id4_id21_0009,fake_id4_id21_0009,fake,1,0.5013942718505859,1
CelebDF_v2,D:\資料\專題\PY\deepfake\研討會(二)\CelebDF_v2_balanced_test\test\fake\fake_id4_id6_0002_f000049.png,fake_id4_id6_0002_f000049.png,fake::fake_id4_id6_0002,fake_id4_id6_0002,fake,1,0.49546897411346436,0
CelebDF_v2,D:\資料\專題\PY\deepfake\研討會(二)\CelebDF_v2_balanced_test\test\fake\fake_id4_id6_0002_f000084.png,fake_id4_id6_0002_f000084.png,fake::fake_id4_id6_0002,fake_id4_id6_0002,fake,1,0.518534779548645,1
CelebDF_v2,D:\資料\專題\PY\deepfake\研討會(二)\CelebDF_v2_balanced_test\test\fake\fake_id4_id6_0002_f000120.png,fake_id4_id6_0002_f000120.png,fake::fake_id4_id6_0002,fake_id4_id6_0002,fake,1,0.503620445728302,1
CelebDF_v2,D:\資料\專題\PY\deepfake\研討會(二)\CelebDF_v2_balanced_test\test\fake\fake_id50_id49_0001_f000038.png,fake_id50_id49_0001_f000038.png,fake::fake_id50_id49_0001,fake_id50_id49_0001,fake,1,0.5200469493865967,1
CelebDF_v2,D:\資料\專題\PY\deepfake\研討會(二)\CelebDF_v2_balanced_test\test\fake\fake_id50_id49_0001_f000065.png,fake_id50_id49_0001_f000065.png,fake::fake_id50_id49_0001,fake_id50_id49_0001,fake,1,0.5182527899742126,1
CelebDF_v2,D:\資料\專題\PY\deepfake\研討會(二)\CelebDF_v2_balanced_test\test\fake\fake_id50_id49_0001_f000093.png,fake_id50_id49_0001_f000093.png,fake::fake_id50_id49_0001,fake_id50_id49_0001,fake,1,0.5052512288093567,1
CelebDF_v2,D:\資料\專題\PY\deepfake\研討會(二)\CelebDF_v2_balanced_test\test\fake\fake_id50_id53_0000_f000028.png,fake_id50_id53_0000_f000028.png,fake::fake_id50_id53_0000,fake_id50_id53_0000,fake,1,0.48348838090896606,0
CelebDF_v2,D:\資料\專題\PY\deepfake\研討會(二)\CelebDF_v2_balanced_test\test\fake\fake_id50_id53_0000_f000048.png,fake_id50_id53_0000_f000048.png,fake::fake_id50_id53_0000,fake_id50_id53_0000,fake,1,0.5040868520736694,1
CelebDF_v2,D:\資料\專題\PY\deepfake\研討會(二)\CelebDF_v2_balanced_test\test\fake\fake_id50_id53_0000_f000068.png,fake_id50_id53_0000_f000068.png,fake::fake_id50_id53_0000,fake_id50_id53_0000,fake,1,0.4978208541870117,0
CelebDF_v2,D:\資料\專題\PY\deepfake\研討會(二)\CelebDF_v2_balanced_test\test\fake\fake_id51_id50_0008_f000045.png,fake_id51_id50_0008_f000045.png,fake::fake_id51_id50_0008,fake_id51_id50_0008,fake,1,0.4895816743373871,0
CelebDF_v2,D:\資料\專題\PY\deepfake\研討會(二)\CelebDF_v2_balanced_test\test\fake\fake_id51_id50_0008_f000077.png,fake_id51_id50_0008_f000077.png,fake::fake_id51_id50_0008,fake_id51_id50_0008,fake,1,0.45656120777130127,0
CelebDF_v2,D:\資料\專題\PY\deepfake\研討會(二)\CelebDF_v2_balanced_test\test\fake\fake_id51_id50_0008_f000110.png,fake_id51_id50_0008_f000110.png,fake::fake_id51_id50_0008,fake_id51_id50_0008,fake,1,0.4623365104198456,0
CelebDF_v2,D:\資料\專題\PY\deepfake\研討會(二)\CelebDF_v2_balanced_test\test\fake\fake_id51_id57_0004_f000044.png,fake_id51_id57_0004_f000044.png,fake::fake_id51_id57_0004,fake_id51_id57_0004,fake,1,0.46364155411720276,0
CelebDF_v2,D:\資料\專題\PY\deepfake\研討會(二)\CelebDF_v2_balanced_test\test\fake\fake_id51_id57_0004_f000076.png,fake_id51_id57_0004_f000076.png,fake::fake_id51_id57_0004,fake_id51_id57_0004,fake,1,0.4661240875720978,0
CelebDF_v2,D:\資料\專題\PY\deepfake\研討會(二)\CelebDF_v2_balanced_test\test\fake\fake_id51_id57_0004_f000108.png,fake_id51_id57_0004_f000108.png,fake::fake_id51_id57_0004,fake_id51_id57_0004,fake,1,0.461911678314209,0
CelebDF_v2,D:\資料\專題\PY\deepfake\研討會(二)\CelebDF_v2_balanced_test\test\fake\fake_id52_id58_0005_f000046.png,fake_id52_id58_0005_f000046.png,fake::fake_id52_id58_0005,fake_id52_id58_0005,fake,1,0.4786050021648407,0
CelebDF_v2,D:\資料\專題\PY\deepfake\研討會(二)\CelebDF_v2_balanced_test\test\fake\fake_id52_id58_0005_f000079.png,fake_id52_id58_0005_f000079.png,fake::fake_id52_id58_0005,fake_id52_id58_0005,fake,1,0.47849076986312866,0
CelebDF_v2,D:\資料\專題\PY\deepfake\研討會(二)\CelebDF_v2_balanced_test\test\fake\fake_id52_id58_0005_f000113.png,fake_id52_id58_0005_f000113.png,fake::fake_id52_id58_0005,fake_id52_id58_0005,fake,1,0.49118706583976746,0
CelebDF_v2,D:\資料\專題\PY\deepfake\研討會(二)\CelebDF_v2_balanced_test\test\fake\fake_id54_id49_0003_f000031.png,fake_id54_id49_0003_f000031.png,fake::fake_id54_id49_0003,fake_id54_id49_0003,fake,1,0.5300312042236328,1
CelebDF_v2,D:\資料\專題\PY\deepfake\研討會(二)\CelebDF_v2_balanced_test\test\fake\fake_id54_id49_0003_f000053.png,fake_id54_id49_0003_f000053.png,fake::fake_id54_id49_0003,fake_id54_id49_0003,fake,1,0.530890166759491,1
CelebDF_v2,D:\資料\專題\PY\deepfake\研討會(二)\CelebDF_v2_balanced_test\test\fake\fake_id54_id49_0003_f000076.png,fake_id54_id49_0003_f000076.png,fake::fake_id54_id49_0003,fake_id54_id49_0003,fake,1,0.5209152102470398,1
CelebDF_v2,D:\資料\專題\PY\deepfake\研討會(二)\CelebDF_v2_balanced_test\test\fake\fake_id54_id56_0006_f000044.png,fake_id54_id56_0006_f000044.png,fake::fake_id54_id56_0006,fake_id54_id56_0006,fake,1,0.48909932374954224,0
CelebDF_v2,D:\資料\專題\PY\deepfake\研討會(二)\CelebDF_v2_balanced_test\test\fake\fake_id54_id56_0006_f000075.png,fake_id54_id56_0006_f000075.png,fake::fake_id54_id56_0006,fake_id54_id56_0006,fake,1,0.4879288375377655,0
CelebDF_v2,D:\資料\專題\PY\deepfake\研討會(二)\CelebDF_v2_balanced_test\test\fake\fake_id54_id56_0006_f000107.png,fake_id54_id56_0006_f000107.png,fake::fake_id54_id56_0006,fake_id54_id56_0006,fake,1,0.4890649914741516,0
CelebDF_v2,D:\資料\專題\PY\deepfake\研討會(二)\CelebDF_v2_balanced_test\test\fake\fake_id55_id57_0002_f000041.png,fake_id55_id57_0002_f000041.png,fake::fake_id55_id57_0002,fake_id55_id57_0002,fake,1,0.4884873926639557,0
CelebDF_v2,D:\資料\專題\PY\deepfake\研討會(二)\CelebDF_v2_balanced_test\test\fake\fake_id55_id57_0002_f000071.png,fake_id55_id57_0002_f000071.png,fake::fake_id55_id57_0002,fake_id55_id57_0002,fake,1,0.4838351309299469,0
CelebDF_v2,D:\資料\專題\PY\deepfake\研討會(二)\CelebDF_v2_balanced_test\test\fake\fake_id55_id57_0002_f000101.png,fake_id55_id57_0002_f000101.png,fake::fake_id55_id57_0002,fake_id55_id57_0002,fake,1,0.4883691966533661,0
CelebDF_v2,D:\資料\專題\PY\deepfake\研討會(二)\CelebDF_v2_balanced_test\test\fake\fake_id56_id51_0000_f000046.png,fake_id56_id51_0000_f000046.png,fake::fake_id56_id51_0000,fake_id56_id51_0000,fake,1,0.4692542552947998,0
CelebDF_v2,D:\資料\專題\PY\deepfake\研討會(二)\CelebDF_v2_balanced_test\test\fake\fake_id56_id51_0000_f000080.png,fake_id56_id51_0000_f000080.png,fake::fake_id56_id51_0000,fake_id56_id51_0000,fake,1,0.48412856459617615,0
CelebDF_v2,D:\資料\專題\PY\deepfake\研討會(二)\CelebDF_v2_balanced_test\test\fake\fake_id56_id51_0000_f000114.png,fake_id56_id51_0000_f000114.png,fake::fake_id56_id51_0000,fake_id56_id51_0000,fake,1,0.45842447876930237,0
CelebDF_v2,D:\資料\專題\PY\deepfake\研討會(二)\CelebDF_v2_balanced_test\test\fake\fake_id56_id57_0007_f000023.png,fake_id56_id57_0007_f000023.png,fake::fake_id56_id57_0007,fake_id56_id57_0007,fake,1,0.4884588122367859,0
CelebDF_v2,D:\資料\專題\PY\deepfake\研討會(二)\CelebDF_v2_balanced_test\test\fake\fake_id56_id57_0007_f000040.png,fake_id56_id57_0007_f000040.png,fake::fake_id56_id57_0007,fake_id56_id57_0007,fake,1,0.4915379285812378,0
CelebDF_v2,D:\資料\專題\PY\deepfake\研討會(二)\CelebDF_v2_balanced_test\test\fake\fake_id56_id57_0007_f000057.png,fake_id56_id57_0007_f000057.png,fake::fake_id56_id57_0007,fake_id56_id57_0007,fake,1,0.499541312456131,0
CelebDF_v2,D:\資料\專題\PY\deepfake\研討會(二)\CelebDF_v2_balanced_test\test\fake\fake_id57_id51_0000_f000063.png,fake_id57_id51_0000_f000063.png,fake::fake_id57_id51_0000,fake_id57_id51_0000,fake,1,0.4730105698108673,0
CelebDF_v2,D:\資料\專題\PY\deepfake\研討會(二)\CelebDF_v2_balanced_test\test\fake\fake_id57_id51_0000_f000109.png,fake_id57_id51_0000_f000109.png,fake::fake_id57_id51_0000,fake_id57_id51_0000,fake,1,0.4858779311180115,0
CelebDF_v2,D:\資料\專題\PY\deepfake\研討會(二)\CelebDF_v2_balanced_test\test\fake\fake_id57_id51_0000_f000155.png,fake_id57_id51_0000_f000155.png,fake::fake_id57_id51_0000,fake_id57_id51_0000,fake,1,0.47177836298942566,0
CelebDF_v2,D:\資料\專題\PY\deepfake\研討會(二)\CelebDF_v2_balanced_test\test\fake\fake_id58_id57_0008_f000038.png,fake_id58_id57_0008_f000038.png,fake::fake_id58_id57_0008,fake_id58_id57_0008,fake,1,0.47129929065704346,0
CelebDF_v2,D:\資料\專題\PY\deepfake\研討會(二)\CelebDF_v2_balanced_test\test\fake\fake_id58_id57_0008_f000066.png,fake_id58_id57_0008_f000066.png,fake::fake_id58_id57_0008,fake_id58_id57_0008,fake,1,0.4603950083255768,0
CelebDF_v2,D:\資料\專題\PY\deepfake\研討會(二)\CelebDF_v2_balanced_test\test\fake\fake_id58_id57_0008_f000094.png,fake_id58_id57_0008_f000094.png,fake::fake_id58_id57_0008,fake_id58_id57_0008,fake,1,0.46993833780288696,0
CelebDF_v2,D:\資料\專題\PY\deepfake\研討會(二)\CelebDF_v2_balanced_test\test\fake\fake_id6_id0_0005_f000037.png,fake_id6_id0_0005_f000037.png,fake::fake_id6_id0_0005,fake_id6_id0_0005,fake,1,0.5380427837371826,1
CelebDF_v2,D:\資料\專題\PY\deepfake\研討會(二)\CelebDF_v2_balanced_test\test\fake\fake_id6_id0_0005_f000063.png,fake_id6_id0_0005_f000063.png,fake::fake_id6_id0_0005,fake_id6_id0_0005,fake,1,0.5289440155029297,1
CelebDF_v2,D:\資料\專題\PY\deepfake\研討會(二)\CelebDF_v2_balanced_test\test\fake\fake_id6_id0_0005_f000090.png,fake_id6_id0_0005_f000090.png,fake::fake_id6_id0_0005,fake_id6_id0_0005,fake,1,0.5495046377182007,1
CelebDF_v2,D:\資料\專題\PY\deepfake\研討會(二)\CelebDF_v2_balanced_test\test\fake\fake_id6_id1_0007_f000055.png,fake_id6_id1_0007_f000055.png,fake::fake_id6_id1_0007,fake_id6_id1_0007,fake,1,0.4771125912666321,0
CelebDF_v2,D:\資料\專題\PY\deepfake\研討會(二)\CelebDF_v2_balanced_test\test\fake\fake_id6_id1_0007_f000095.png,fake_id6_id1_0007_f000095.png,fake::fake_id6_id1_0007,fake_id6_id1_0007,fake,1,0.47701361775398254,0
CelebDF_v2,D:\資料\專題\PY\deepfake\研討會(二)\CelebDF_v2_balanced_test\test\fake\fake_id6_id1_0007_f000135.png,fake_id6_id1_0007_f000135.png,fake::fake_id6_id1_0007,fake_id6_id1_0007,fake,1,0.4766862392425537,0
CelebDF_v2,D:\資料\專題\PY\deepfake\研討會(二)\CelebDF_v2_balanced_test\test\fake\fake_id6_id20_0007_f000055.png,fake_id6_id20_0007_f000055.png,fake::fake_id6_id20_0007,fake_id6_id20_0007,fake,1,0.49124425649642944,0
CelebDF_v2,D:\資料\專題\PY\deepfake\研討會(二)\CelebDF_v2_balanced_test\test\fake\fake_id6_id20_0007_f000095.png,fake_id6_id20_0007_f000095.png,fake::fake_id6_id20_0007,fake_id6_id20_0007,fake,1,0.48349979519844055,0
CelebDF_v2,D:\資料\專題\PY\deepfake\研討會(二)\CelebDF_v2_balanced_test\test\fake\fake_id6_id20_0007_f000135.png,fake_id6_id20_0007_f000135.png,fake::fake_id6_id20_0007,fake_id6_id20_0007,fake,1,0.4854510426521301,0
CelebDF_v2,D:\資料\專題\PY\deepfake\研討會(二)\CelebDF_v2_balanced_test\test\fake\fake_id6_id21_0006_f000029.png,fake_id6_id21_0006_f000029.png,fake::fake_id6_id21_0006,fake_id6_id21_0006,fake,1,0.4590003490447998,0
CelebDF_v2,D:\資料\專題\PY\deepfake\研討會(二)\CelebDF_v2_balanced_test\test\fake\fake_id6_id21_0006_f000050.png,fake_id6_id21_0006_f000050.png,fake::fake_id6_id21_0006,fake_id6_id21_0006,fake,1,0.4630800187587738,0
CelebDF_v2,D:\資料\專題\PY\deepfake\研討會(二)\CelebDF_v2_balanced_test\test\fake\fake_id6_id21_0006_f000071.png,fake_id6_id21_0006_f000071.png,fake::fake_id6_id21_0006,fake_id6_id21_0006,fake,1,0.47253137826919556,0
CelebDF_v2,D:\資料\專題\PY\deepfake\研討會(二)\CelebDF_v2_balanced_test\test\fake\fake_id6_id2_0008_f000038.png,fake_id6_id2_0008_f000038.png,fake::fake_id6_id2_0008,fake_id6_id2_0008,fake,1,0.4827567934989929,0
CelebDF_v2,D:\資料\專題\PY\deepfake\研討會(二)\CelebDF_v2_balanced_test\test\fake\fake_id6_id2_0008_f000065.png,fake_id6_id2_0008_f000065.png,fake::fake_id6_id2_0008,fake_id6_id2_0008,fake,1,0.46498507261276245,0
CelebDF_v2,D:\資料\專題\PY\deepfake\研討會(二)\CelebDF_v2_balanced_test\test\fake\fake_id6_id2_0008_f000093.png,fake_id6_id2_0008_f000093.png,fake::fake_id6_id2_0008,fake_id6_id2_0008,fake,1,0.46912500262260437,0
CelebDF_v2,D:\資料\專題\PY\deepfake\研討會(二)\CelebDF_v2_balanced_test\test\fake\fake_id7_id11_0009_f000045.png,fake_id7_id11_0009_f000045.png,fake::fake_id7_id11_0009,fake_id7_id11_0009,fake,1,0.4767242968082428,0
CelebDF_v2,D:\資料\專題\PY\deepfake\研討會(二)\CelebDF_v2_balanced_test\test\fake\fake_id7_id11_0009_f000078.png,fake_id7_id11_0009_f000078.png,fake::fake_id7_id11_0009,fake_id7_id11_0009,fake,1,0.4776683747768402,0
CelebDF_v2,D:\資料\專題\PY\deepfake\研討會(二)\CelebDF_v2_balanced_test\test\fake\fake_id7_id11_0009_f000111.png,fake_id7_id11_0009_f000111.png,fake::fake_id7_id11_0009,fake_id7_id11_0009,fake,1,0.5190756916999817,1
CelebDF_v2,D:\資料\專題\PY\deepfake\研討會(二)\CelebDF_v2_balanced_test\test\fake\fake_id7_id13_0009_f000045.png,fake_id7_id13_0009_f000045.png,fake::fake_id7_id13_0009,fake_id7_id13_0009,fake,1,0.4939501881599426,0
CelebDF_v2,D:\資料\專題\PY\deepfake\研討會(二)\CelebDF_v2_balanced_test\test\fake\fake_id7_id13_0009_f000078.png,fake_id7_id13_0009_f000078.png,fake::fake_id7_id13_0009,fake_id7_id13_0009,fake,1,0.4883424937725067,0
CelebDF_v2,D:\資料\專題\PY\deepfake\研討會(二)\CelebDF_v2_balanced_test\test\fake\fake_id7_id13_0009_f000111.png,fake_id7_id13_0009_f000111.png,fake::fake_id7_id13_0009,fake_id7_id13_0009,fake,1,0.4940545856952667,0
CelebDF_v2,D:\資料\專題\PY\deepfake\研討會(二)\CelebDF_v2_balanced_test\test\fake\fake_id8_id0_0002_f000052.png,fake_id8_id0_0002_f000052.png,fake::fake_id8_id0_0002,fake_id8_id0_0002,fake,1,0.5339442491531372,1
CelebDF_v2,D:\資料\專題\PY\deepfake\研討會(二)\CelebDF_v2_balanced_test\test\fake\fake_id8_id0_0002_f000090.png,fake_id8_id0_0002_f000090.png,fake::fake_id8_id0_0002,fake_id8_id0_0002,fake,1,0.5834704041481018,1
CelebDF_v2,D:\資料\專題\PY\deepfake\研討會(二)\CelebDF_v2_balanced_test\test\fake\fake_id8_id0_0002_f000128.png,fake_id8_id0_0002_f000128.png,fake::fake_id8_id0_0002,fake_id8_id0_0002,fake,1,0.5774060487747192,1
CelebDF_v2,D:\資料\專題\PY\deepfake\研討會(二)\CelebDF_v2_balanced_test\test\fake\fake_id8_id3_0003_f000039.png,fake_id8_id3_0003_f000039.png,fake::fake_id8_id3_0003,fake_id8_id3_0003,fake,1,0.477181077003479,0
CelebDF_v2,D:\資料\專題\PY\deepfake\研討會(二)\CelebDF_v2_balanced_test\test\fake\fake_id8_id3_0003_f000068.png,fake_id8_id3_0003_f000068.png,fake::fake_id8_id3_0003,fake_id8_id3_0003,fake,1,0.5036130547523499,1
CelebDF_v2,D:\資料\專題\PY\deepfake\研討會(二)\CelebDF_v2_balanced_test\test\fake\fake_id8_id3_0003_f000097.png,fake_id8_id3_0003_f000097.png,fake::fake_id8_id3_0003,fake_id8_id3_0003,fake,1,0.4987936019897461,0
CelebDF_v2,D:\資料\專題\PY\deepfake\研討會(二)\CelebDF_v2_balanced_test\test\fake\fake_id8_id5_0008_f000057.png,fake_id8_id5_0008_f000057.png,fake::fake_id8_id5_0008,fake_id8_id5_0008,fake,1,0.5180090069770813,1
CelebDF_v2,D:\資料\專題\PY\deepfake\研討會(二)\CelebDF_v2_balanced_test\test\fake\fake_id8_id5_0008_f000098.png,fake_id8_id5_0008_f000098.png,fake::fake_id8_id5_0008,fake_id8_id5_0008,fake,1,0.5311713814735413,1
CelebDF_v2,D:\資料\專題\PY\deepfake\研討會(二)\CelebDF_v2_balanced_test\test\fake\fake_id8_id5_0008_f000139.png,fake_id8_id5_0008_f000139.png,fake::fake_id8_id5_0008,fake_id8_id5_0008,fake,1,0.5047288537025452,1
CelebDF_v2,D:\資料\專題\PY\deepfake\研討會(二)\CelebDF_v2_balanced_test\test\fake\fake_id8_id6_0002_f000052.png,fake_id8_id6_0002_f000052.png,fake::fake_id8_id6_0002,fake_id8_id6_0002,fake,1,0.5188432931900024,1
CelebDF_v2,D:\資料\專題\PY\deepfake\研討會(二)\CelebDF_v2_balanced_test\test\fake\fake_id8_id6_0002_f000090.png,fake_id8_id6_0002_f000090.png,fake::fake_id8_id6_0002,fake_id8_id6_0002,fake,1,0.5271491408348083,1
CelebDF_v2,D:\資料\專題\PY\deepfake\研討會(二)\CelebDF_v2_balanced_test\test\fake\fake_id8_id6_0002_f000128.png,fake_id8_id6_0002_f000128.png,fake::fake_id8_id6_0002,fake_id8_id6_0002,fake,1,0.5284649729728699,1
CelebDF_v2,D:\資料\專題\PY\deepfake\研討會(二)\CelebDF_v2_balanced_test\test\fake\fake_id9_id16_0000_f000044.png,fake_id9_id16_0000_f000044.png,fake::fake_id9_id16_0000,fake_id9_id16_0000,fake,1,0.5449376106262207,1
CelebDF_v2,D:\資料\專題\PY\deepfake\研討會(二)\CelebDF_v2_balanced_test\test\fake\fake_id9_id16_0000_f000076.png,fake_id9_id16_0000_f000076.png,fake::fake_id9_id16_0000,fake_id9_id16_0000,fake,1,0.5137218236923218,1
CelebDF_v2,D:\資料\專題\PY\deepfake\研討會(二)\CelebDF_v2_balanced_test\test\fake\fake_id9_id16_0000_f000109.png,fake_id9_id16_0000_f000109.png,fake::fake_id9_id16_0000,fake_id9_id16_0000,fake,1,0.5348327159881592,1
CelebDF_v2,D:\資料\專題\PY\deepfake\研討會(二)\CelebDF_v2_balanced_test\test\fake\fake_id9_id20_0002_f000036.png,fake_id9_id20_0002_f000036.png,fake::fake_id9_id20_0002,fake_id9_id20_0002,fake,1,0.48313018679618835,0
CelebDF_v2,D:\資料\專題\PY\deepfake\研討會(二)\CelebDF_v2_balanced_test\test\fake\fake_id9_id20_0002_f000062.png,fake_id9_id20_0002_f000062.png,fake::fake_id9_id20_0002,fake_id9_id20_0002,fake,1,0.4876314401626587,0
CelebDF_v2,D:\資料\專題\PY\deepfake\研討會(二)\CelebDF_v2_balanced_test\test\fake\fake_id9_id20_0002_f000088.png,fake_id9_id20_0002_f000088.png,fake::fake_id9_id20_0002,fake_id9_id20_0002,fake,1,0.4935983419418335,0
CelebDF_v2,D:\資料\專題\PY\deepfake\研討會(二)\CelebDF_v2_balanced_test\test\fake\fake_id9_id2_0006_f000040.png,fake_id9_id2_0006_f000040.png,fake::fake_id9_id2_0006,fake_id9_id2_0006,fake,1,0.5130318403244019,1
CelebDF_v2,D:\資料\專題\PY\deepfake\研討會(二)\CelebDF_v2_balanced_test\test\fake\fake_id9_id2_0006_f000069.png,fake_id9_id2_0006_f000069.png,fake::fake_id9_id2_0006,fake_id9_id2_0006,fake,1,0.48763909935951233,0
CelebDF_v2,D:\資料\專題\PY\deepfake\研討會(二)\CelebDF_v2_balanced_test\test\fake\fake_id9_id2_0006_f000098.png,fake_id9_id2_0006_f000098.png,fake::fake_id9_id2_0006,fake_id9_id2_0006,fake,1,0.5441656112670898,1
CelebDF_v2,D:\資料\專題\PY\deepfake\研討會(二)\CelebDF_v2_balanced_test\test\fake\fake_id9_id3_0000_f000044.png,fake_id9_id3_0000_f000044.png,fake::fake_id9_id3_0000,fake_id9_id3_0000,fake,1,0.5042535066604614,1
CelebDF_v2,D:\資料\專題\PY\deepfake\研討會(二)\CelebDF_v2_balanced_test\test\fake\fake_id9_id3_0000_f000076.png,fake_id9_id3_0000_f000076.png,fake::fake_id9_id3_0000,fake_id9_id3_0000,fake,1,0.5066744089126587,1
CelebDF_v2,D:\資料\專題\PY\deepfake\研討會(二)\CelebDF_v2_balanced_test\test\fake\fake_id9_id3_0000_f000109.png,fake_id9_id3_0000_f000109.png,fake::fake_id9_id3_0000,fake_id9_id3_0000,fake,1,0.5036061406135559,1
CelebDF_v2,D:\資料\專題\PY\deepfake\研討會(二)\CelebDF_v2_balanced_test\test\fake\fake_id9_id3_0009_f000031.png,fake_id9_id3_0009_f000031.png,fake::fake_id9_id3_0009,fake_id9_id3_0009,fake,1,0.5098692774772644,1
CelebDF_v2,D:\資料\專題\PY\deepfake\研討會(二)\CelebDF_v2_balanced_test\test\fake\fake_id9_id3_0009_f000053.png,fake_id9_id3_0009_f000053.png,fake::fake_id9_id3_0009,fake_id9_id3_0009,fake,1,0.5150291919708252,1
CelebDF_v2,D:\資料\專題\PY\deepfake\研討會(二)\CelebDF_v2_balanced_test\test\fake\fake_id9_id3_0009_f000076.png,fake_id9_id3_0009_f000076.png,fake::fake_id9_id3_0009,fake_id9_id3_0009,fake,1,0.49912357330322266,0
CelebDF_v2,D:\資料\專題\PY\deepfake\研討會(二)\CelebDF_v2_balanced_test\test\fake\fake_id9_id6_0000_f000044.png,fake_id9_id6_0000_f000044.png,fake::fake_id9_id6_0000,fake_id9_id6_0000,fake,1,0.5233975052833557,1
CelebDF_v2,D:\資料\專題\PY\deepfake\研討會(二)\CelebDF_v2_balanced_test\test\fake\fake_id9_id6_0000_f000076.png,fake_id9_id6_0000_f000076.png,fake::fake_id9_id6_0000,fake_id9_id6_0000,fake,1,0.49595004320144653,0
CelebDF_v2,D:\資料\專題\PY\deepfake\研討會(二)\CelebDF_v2_balanced_test\test\fake\fake_id9_id6_0000_f000109.png,fake_id9_id6_0000_f000109.png,fake::fake_id9_id6_0000,fake_id9_id6_0000,fake,1,0.5215473175048828,1
CelebDF_v2,D:\資料\專題\PY\deepfake\研討會(二)\CelebDF_v2_balanced_test\test\real\real_00011_f000047.png,real_00011_f000047.png,real::real_00011,real_00011,real,0,0.49243029952049255,0
CelebDF_v2,D:\資料\專題\PY\deepfake\研討會(二)\CelebDF_v2_balanced_test\test\real\real_00011_f000081.png,real_00011_f000081.png,real::real_00011,real_00011,real,0,0.4902813732624054,0
CelebDF_v2,D:\資料\專題\PY\deepfake\研討會(二)\CelebDF_v2_balanced_test\test\real\real_00011_f000115.png,real_00011_f000115.png,real::real_00011,real_00011,real,0,0.4941923916339874,0
CelebDF_v2,D:\資料\專題\PY\deepfake\研討會(二)\CelebDF_v2_balanced_test\test\real\real_00021_f000046.png,real_00021_f000046.png,real::real_00021,real_00021,real,0,0.46116843819618225,0
CelebDF_v2,D:\資料\專題\PY\deepfake\研討會(二)\CelebDF_v2_balanced_test\test\real\real_00021_f000079.png,real_00021_f000079.png,real::real_00021,real_00021,real,0,0.4676964282989502,0
CelebDF_v2,D:\資料\專題\PY\deepfake\研討會(二)\CelebDF_v2_balanced_test\test\real\real_00021_f000112.png,real_00021_f000112.png,real::real_00021,real_00021,real,0,0.5021209716796875,1
CelebDF_v2,D:\資料\專題\PY\deepfake\研討會(二)\CelebDF_v2_balanced_test\test\real\real_00023_f000046.png,real_00023_f000046.png,real::real_00023,real_00023,real,0,0.46528878808021545,0
CelebDF_v2,D:\資料\專題\PY\deepfake\研討會(二)\CelebDF_v2_balanced_test\test\real\real_00023_f000079.png,real_00023_f000079.png,real::real_00023,real_00023,real,0,0.4651065766811371,0
CelebDF_v2,D:\資料\專題\PY\deepfake\研討會(二)\CelebDF_v2_balanced_test\test\real\real_00023_f000113.png,real_00023_f000113.png,real::real_00023,real_00023,real,0,0.4676736295223236,0
CelebDF_v2,D:\資料\專題\PY\deepfake\研討會(二)\CelebDF_v2_balanced_test\test\real\real_00024_f000054.png,real_00024_f000054.png,real::real_00024,real_00024,real,0,0.46916303038597107,0
CelebDF_v2,D:\資料\專題\PY\deepfake\研討會(二)\CelebDF_v2_balanced_test\test\real\real_00024_f000093.png,real_00024_f000093.png,real::real_00024,real_00024,real,0,0.44384148716926575,0
CelebDF_v2,D:\資料\專題\PY\deepfake\研討會(二)\CelebDF_v2_balanced_test\test\real\real_00024_f000133.png,real_00024_f000133.png,real::real_00024,real_00024,real,0,0.4350012540817261,0
CelebDF_v2,D:\資料\專題\PY\deepfake\研討會(二)\CelebDF_v2_balanced_test\test\real\real_00036_f000055.png,real_00036_f000055.png,real::real_00036,real_00036,real,0,0.4791381061077118,0
CelebDF_v2,D:\資料\專題\PY\deepfake\研討會(二)\CelebDF_v2_balanced_test\test\real\real_00036_f000094.png,real_00036_f000094.png,real::real_00036,real_00036,real,0,0.47204458713531494,0
CelebDF_v2,D:\資料\專題\PY\deepfake\研討會(二)\CelebDF_v2_balanced_test\test\real\real_00036_f000134.png,real_00036_f000134.png,real::real_00036,real_00036,real,0,0.47068339586257935,0
CelebDF_v2,D:\資料\專題\PY\deepfake\研討會(二)\CelebDF_v2_balanced_test\test\real\real_00047_f000048.png,real_00047_f000048.png,real::real_00047,real_00047,real,0,0.46295860409736633,0
CelebDF_v2,D:\資料\專題\PY\deepfake\研討會(二)\CelebDF_v2_balanced_test\test\real\real_00047_f000083.png,real_00047_f000083.png,real::real_00047,real_00047,real,0,0.46809908747673035,0
CelebDF_v2,D:\資料\專題\PY\deepfake\研討會(二)\CelebDF_v2_balanced_test\test\real\real_00047_f000119.png,real_00047_f000119.png,real::real_00047,real_00047,real,0,0.46768882870674133,0
CelebDF_v2,D:\資料\專題\PY\deepfake\研討會(二)\CelebDF_v2_balanced_test\test\real\real_00048_f000048.png,real_00048_f000048.png,real::real_00048,real_00048,real,0,0.43402644991874695,0
CelebDF_v2,D:\資料\專題\PY\deepfake\研討會(二)\CelebDF_v2_balanced_test\test\real\real_00048_f000083.png,real_00048_f000083.png,real::real_00048,real_00048,real,0,0.441763311624527,0
CelebDF_v2,D:\資料\專題\PY\deepfake\研討會(二)\CelebDF_v2_balanced_test\test\real\real_00048_f000118.png,real_00048_f000118.png,real::real_00048,real_00048,real,0,0.45633408427238464,0
CelebDF_v2,D:\資料\專題\PY\deepfake\研討會(二)\CelebDF_v2_balanced_test\test\real\real_00061_f000041.png,real_00061_f000041.png,real::real_00061,real_00061,real,0,0.4865983724594116,0
CelebDF_v2,D:\資料\專題\PY\deepfake\研討會(二)\CelebDF_v2_balanced_test\test\real\real_00061_f000070.png,real_00061_f000070.png,real::real_00061,real_00061,real,0,0.46124428510665894,0
CelebDF_v2,D:\資料\專題\PY\deepfake\研討會(二)\CelebDF_v2_balanced_test\test\real\real_00061_f000100.png,real_00061_f000100.png,real::real_00061,real_00061,real,0,0.46065282821655273,0
CelebDF_v2,D:\資料\專題\PY\deepfake\研討會(二)\CelebDF_v2_balanced_test\test\real\real_00063_f000047.png,real_00063_f000047.png,real::real_00063,real_00063,real,0,0.4370424747467041,0
CelebDF_v2,D:\資料\專題\PY\deepfake\研討會(二)\CelebDF_v2_balanced_test\test\real\real_00063_f000081.png,real_00063_f000081.png,real::real_00063,real_00063,real,0,0.45306524634361267,0
CelebDF_v2,D:\資料\專題\PY\deepfake\研討會(二)\CelebDF_v2_balanced_test\test\real\real_00063_f000116.png,real_00063_f000116.png,real::real_00063,real_00063,real,0,0.46150216460227966,0
CelebDF_v2,D:\資料\專題\PY\deepfake\研討會(二)\CelebDF_v2_balanced_test\test\real\real_00076_f000047.png,real_00076_f000047.png,real::real_00076,real_00076,real,0,0.48486411571502686,0
CelebDF_v2,D:\資料\專題\PY\deepfake\研討會(二)\CelebDF_v2_balanced_test\test\real\real_00076_f000081.png,real_00076_f000081.png,real::real_00076,real_00076,real,0,0.5124600529670715,1
CelebDF_v2,D:\資料\專題\PY\deepfake\研討會(二)\CelebDF_v2_balanced_test\test\real\real_00076_f000116.png,real_00076_f000116.png,real::real_00076,real_00076,real,0,0.492983341217041,0
CelebDF_v2,D:\資料\專題\PY\deepfake\研討會(二)\CelebDF_v2_balanced_test\test\real\real_00082_f000046.png,real_00082_f000046.png,real::real_00082,real_00082,real,0,0.47774451971054077,0
CelebDF_v2,D:\資料\專題\PY\deepfake\研討會(二)\CelebDF_v2_balanced_test\test\real\real_00082_f000079.png,real_00082_f000079.png,real::real_00082,real_00082,real,0,0.4886760711669922,0
CelebDF_v2,D:\資料\專題\PY\deepfake\研討會(二)\CelebDF_v2_balanced_test\test\real\real_00082_f000112.png,real_00082_f000112.png,real::real_00082,real_00082,real,0,0.4739387333393097,0
CelebDF_v2,D:\資料\專題\PY\deepfake\研討會(二)\CelebDF_v2_balanced_test\test\real\real_00092_f000054.png,real_00092_f000054.png,real::real_00092,real_00092,real,0,0.48908790946006775,0
CelebDF_v2,D:\資料\專題\PY\deepfake\研討會(二)\CelebDF_v2_balanced_test\test\real\real_00092_f000093.png,real_00092_f000093.png,real::real_00092,real_00092,real,0,0.48475736379623413,0
CelebDF_v2,D:\資料\專題\PY\deepfake\研討會(二)\CelebDF_v2_balanced_test\test\real\real_00092_f000133.png,real_00092_f000133.png,real::real_00092,real_00092,real,0,0.48308065533638,0
CelebDF_v2,D:\資料\專題\PY\deepfake\研討會(二)\CelebDF_v2_balanced_test\test\real\real_00095_f000048.png,real_00095_f000048.png,real::real_00095,real_00095,real,0,0.4684942662715912,0
CelebDF_v2,D:\資料\專題\PY\deepfake\研討會(二)\CelebDF_v2_balanced_test\test\real\real_00095_f000083.png,real_00095_f000083.png,real::real_00095,real_00095,real,0,0.46262475848197937,0
CelebDF_v2,D:\資料\專題\PY\deepfake\研討會(二)\CelebDF_v2_balanced_test\test\real\real_00095_f000118.png,real_00095_f000118.png,real::real_00095,real_00095,real,0,0.47167953848838806,0
CelebDF_v2,D:\資料\專題\PY\deepfake\研討會(二)\CelebDF_v2_balanced_test\test\real\real_00106_f000032.png,real_00106_f000032.png,real::real_00106,real_00106,real,0,0.45937928557395935,0
CelebDF_v2,D:\資料\專題\PY\deepfake\研討會(二)\CelebDF_v2_balanced_test\test\real\real_00106_f000055.png,real_00106_f000055.png,real::real_00106,real_00106,real,0,0.47258460521698,0
CelebDF_v2,D:\資料\專題\PY\deepfake\研討會(二)\CelebDF_v2_balanced_test\test\real\real_00106_f000079.png,real_00106_f000079.png,real::real_00106,real_00106,real,0,0.4582729637622833,0
CelebDF_v2,D:\資料\專題\PY\deepfake\研討會(二)\CelebDF_v2_balanced_test\test\real\real_00119_f000042.png,real_00119_f000042.png,real::real_00119,real_00119,real,0,0.4824748635292053,0
CelebDF_v2,D:\資料\專題\PY\deepfake\研討會(二)\CelebDF_v2_balanced_test\test\real\real_00119_f000072.png,real_00119_f000072.png,real::real_00119,real_00119,real,0,0.4738246202468872,0
CelebDF_v2,D:\資料\專題\PY\deepfake\研討會(二)\CelebDF_v2_balanced_test\test\real\real_00119_f000103.png,real_00119_f000103.png,real::real_00119,real_00119,real,0,0.47967883944511414,0
CelebDF_v2,D:\資料\專題\PY\deepfake\研討會(二)\CelebDF_v2_balanced_test\test\real\real_00133_f000049.png,real_00133_f000049.png,real::real_00133,real_00133,real,0,0.4766710102558136,0
CelebDF_v2,D:\資料\專題\PY\deepfake\研討會(二)\CelebDF_v2_balanced_test\test\real\real_00133_f000085.png,real_00133_f000085.png,real::real_00133,real_00133,real,0,0.5011043548583984,1
CelebDF_v2,D:\資料\專題\PY\deepfake\研討會(二)\CelebDF_v2_balanced_test\test\real\real_00133_f000121.png,real_00133_f000121.png,real::real_00133,real_00133,real,0,0.4901212155818939,0
CelebDF_v2,D:\資料\專題\PY\deepfake\研討會(二)\CelebDF_v2_balanced_test\test\real\real_00138_f000048.png,real_00138_f000048.png,real::real_00138,real_00138,real,0,0.4850241541862488,0
CelebDF_v2,D:\資料\專題\PY\deepfake\研討會(二)\CelebDF_v2_balanced_test\test\real\real_00138_f000082.png,real_00138_f000082.png,real::real_00138,real_00138,real,0,0.4875742793083191,0
CelebDF_v2,D:\資料\專題\PY\deepfake\研討會(二)\CelebDF_v2_balanced_test\test\real\real_00138_f000117.png,real_00138_f000117.png,real::real_00138,real_00138,real,0,0.47753894329071045,0
CelebDF_v2,D:\資料\專題\PY\deepfake\研討會(二)\CelebDF_v2_balanced_test\test\real\real_00168_f000047.png,real_00168_f000047.png,real::real_00168,real_00168,real,0,0.48551201820373535,0
CelebDF_v2,D:\資料\專題\PY\deepfake\研討會(二)\CelebDF_v2_balanced_test\test\real\real_00168_f000081.png,real_00168_f000081.png,real::real_00168,real_00168,real,0,0.47977790236473083,0
CelebDF_v2,D:\資料\專題\PY\deepfake\研討會(二)\CelebDF_v2_balanced_test\test\real\real_00168_f000116.png,real_00168_f000116.png,real::real_00168,real_00168,real,0,0.4936622083187103,0
CelebDF_v2,D:\資料\專題\PY\deepfake\研討會(二)\CelebDF_v2_balanced_test\test\real\real_00170_f000034.png,real_00170_f000034.png,real::real_00170,real_00170,real,0,0.4714209735393524,0
CelebDF_v2,D:\資料\專題\PY\deepfake\研討會(二)\CelebDF_v2_balanced_test\test\real\real_00170_f000059.png,real_00170_f000059.png,real::real_00170,real_00170,real,0,0.4618813693523407,0
CelebDF_v2,D:\資料\專題\PY\deepfake\研討會(二)\CelebDF_v2_balanced_test\test\real\real_00170_f000084.png,real_00170_f000084.png,real::real_00170,real_00170,real,0,0.4705921709537506,0
CelebDF_v2,D:\資料\專題\PY\deepfake\研討會(二)\CelebDF_v2_balanced_test\test\real\real_00188_f000047.png,real_00188_f000047.png,real::real_00188,real_00188,real,0,0.4392211139202118,0
CelebDF_v2,D:\資料\專題\PY\deepfake\研討會(二)\CelebDF_v2_balanced_test\test\real\real_00188_f000081.png,real_00188_f000081.png,real::real_00188,real_00188,real,0,0.4372977614402771,0
CelebDF_v2,D:\資料\專題\PY\deepfake\研討會(二)\CelebDF_v2_balanced_test\test\real\real_00188_f000116.png,real_00188_f000116.png,real::real_00188,real_00188,real,0,0.42482951283454895,0
CelebDF_v2,D:\資料\專題\PY\deepfake\研討會(二)\CelebDF_v2_balanced_test\test\real\real_00193_f000035.png,real_00193_f000035.png,real::real_00193,real_00193,real,0,0.45354926586151123,0
CelebDF_v2,D:\資料\專題\PY\deepfake\研討會(二)\CelebDF_v2_balanced_test\test\real\real_00193_f000060.png,real_00193_f000060.png,real::real_00193,real_00193,real,0,0.44391679763793945,0
CelebDF_v2,D:\資料\專題\PY\deepfake\研討會(二)\CelebDF_v2_balanced_test\test\real\real_00193_f000086.png,real_00193_f000086.png,real::real_00193,real_00193,real,0,0.4504651725292206,0
CelebDF_v2,D:\資料\專題\PY\deepfake\研討會(二)\CelebDF_v2_balanced_test\test\real\real_00194_f000046.png,real_00194_f000046.png,real::real_00194,real_00194,real,0,0.45357951521873474,0
CelebDF_v2,D:\資料\專題\PY\deepfake\研討會(二)\CelebDF_v2_balanced_test\test\real\real_00194_f000079.png,real_00194_f000079.png,real::real_00194,real_00194,real,0,0.45270228385925293,0
CelebDF_v2,D:\資料\專題\PY\deepfake\研討會(二)\CelebDF_v2_balanced_test\test\real\real_00194_f000112.png,real_00194_f000112.png,real::real_00194,real_00194,real,0,0.4568943679332733,0
CelebDF_v2,D:\資料\專題\PY\deepfake\研討會(二)\CelebDF_v2_balanced_test\test\real\real_00197_f000046.png,real_00197_f000046.png,real::real_00197,real_00197,real,0,0.4591064453125,0
CelebDF_v2,D:\資料\專題\PY\deepfake\研討會(二)\CelebDF_v2_balanced_test\test\real\real_00197_f000079.png,real_00197_f000079.png,real::real_00197,real_00197,real,0,0.4632166028022766,0
CelebDF_v2,D:\資料\專題\PY\deepfake\研討會(二)\CelebDF_v2_balanced_test\test\real\real_00197_f000113.png,real_00197_f000113.png,real::real_00197,real_00197,real,0,0.45344337821006775,0
CelebDF_v2,D:\資料\專題\PY\deepfake\研討會(二)\CelebDF_v2_balanced_test\test\real\real_00202_f000049.png,real_00202_f000049.png,real::real_00202,real_00202,real,0,0.47058454155921936,0
CelebDF_v2,D:\資料\專題\PY\deepfake\研討會(二)\CelebDF_v2_balanced_test\test\real\real_00202_f000085.png,real_00202_f000085.png,real::real_00202,real_00202,real,0,0.49486321210861206,0
CelebDF_v2,D:\資料\專題\PY\deepfake\研討會(二)\CelebDF_v2_balanced_test\test\real\real_00202_f000121.png,real_00202_f000121.png,real::real_00202,real_00202,real,0,0.5101514458656311,1
CelebDF_v2,D:\資料\專題\PY\deepfake\研討會(二)\CelebDF_v2_balanced_test\test\real\real_00207_f000012.png,real_00207_f000012.png,real::real_00207,real_00207,real,0,0.4622151255607605,0
CelebDF_v2,D:\資料\專題\PY\deepfake\研討會(二)\CelebDF_v2_balanced_test\test\real\real_00207_f000021.png,real_00207_f000021.png,real::real_00207,real_00207,real,0,0.4706377685070038,0
CelebDF_v2,D:\資料\專題\PY\deepfake\研討會(二)\CelebDF_v2_balanced_test\test\real\real_00207_f000030.png,real_00207_f000030.png,real::real_00207,real_00207,real,0,0.4578486979007721,0
CelebDF_v2,D:\資料\專題\PY\deepfake\研討會(二)\CelebDF_v2_balanced_test\test\real\real_00208_f000045.png,real_00208_f000045.png,real::real_00208,real_00208,real,0,0.4885903596878052,0
CelebDF_v2,D:\資料\專題\PY\deepfake\研討會(二)\CelebDF_v2_balanced_test\test\real\real_00208_f000078.png,real_00208_f000078.png,real::real_00208,real_00208,real,0,0.48645731806755066,0
CelebDF_v2,D:\資料\專題\PY\deepfake\研討會(二)\CelebDF_v2_balanced_test\test\real\real_00208_f000111.png,real_00208_f000111.png,real::real_00208,real_00208,real,0,0.4920927882194519,0
CelebDF_v2,D:\資料\專題\PY\deepfake\研討會(二)\CelebDF_v2_balanced_test\test\real\real_00213_f000046.png,real_00213_f000046.png,real::real_00213,real_00213,real,0,0.472303181886673,0
CelebDF_v2,D:\資料\專題\PY\deepfake\研討會(二)\CelebDF_v2_balanced_test\test\real\real_00213_f000079.png,real_00213_f000079.png,real::real_00213,real_00213,real,0,0.47237923741340637,0
CelebDF_v2,D:\資料\專題\PY\deepfake\研討會(二)\CelebDF_v2_balanced_test\test\real\real_00213_f000112.png,real_00213_f000112.png,real::real_00213,real_00213,real,0,0.4764959216117859,0
CelebDF_v2,D:\資料\專題\PY\deepfake\研討會(二)\CelebDF_v2_balanced_test\test\real\real_00227_f000047.png,real_00227_f000047.png,real::real_00227,real_00227,real,0,0.4450471103191376,0
CelebDF_v2,D:\資料\專題\PY\deepfake\研討會(二)\CelebDF_v2_balanced_test\test\real\real_00227_f000081.png,real_00227_f000081.png,real::real_00227,real_00227,real,0,0.4558192491531372,0
CelebDF_v2,D:\資料\專題\PY\deepfake\研討會(二)\CelebDF_v2_balanced_test\test\real\real_00227_f000115.png,real_00227_f000115.png,real::real_00227,real_00227,real,0,0.4420643746852875,0
CelebDF_v2,D:\資料\專題\PY\deepfake\研討會(二)\CelebDF_v2_balanced_test\test\real\real_00236_f000046.png,real_00236_f000046.png,real::real_00236,real_00236,real,0,0.4798540472984314,0
CelebDF_v2,D:\資料\專題\PY\deepfake\研討會(二)\CelebDF_v2_balanced_test\test\real\real_00236_f000080.png,real_00236_f000080.png,real::real_00236,real_00236,real,0,0.47686129808425903,0
CelebDF_v2,D:\資料\專題\PY\deepfake\研討會(二)\CelebDF_v2_balanced_test\test\real\real_00236_f000114.png,real_00236_f000114.png,real::real_00236,real_00236,real,0,0.4818347990512848,0
CelebDF_v2,D:\資料\專題\PY\deepfake\研討會(二)\CelebDF_v2_balanced_test\test\real\real_00244_f000028.png,real_00244_f000028.png,real::real_00244,real_00244,real,0,0.47075942158699036,0
CelebDF_v2,D:\資料\專題\PY\deepfake\研討會(二)\CelebDF_v2_balanced_test\test\real\real_00244_f000049.png,real_00244_f000049.png,real::real_00244,real_00244,real,0,0.47132208943367004,0
CelebDF_v2,D:\資料\專題\PY\deepfake\研討會(二)\CelebDF_v2_balanced_test\test\real\real_00244_f000070.png,real_00244_f000070.png,real::real_00244,real_00244,real,0,0.48504704236984253,0
CelebDF_v2,D:\資料\專題\PY\deepfake\研討會(二)\CelebDF_v2_balanced_test\test\real\real_00250_f000029.png,real_00250_f000029.png,real::real_00250,real_00250,real,0,0.42650070786476135,0
CelebDF_v2,D:\資料\專題\PY\deepfake\研討會(二)\CelebDF_v2_balanced_test\test\real\real_00250_f000050.png,real_00250_f000050.png,real::real_00250,real_00250,real,0,0.4481394588947296,0
CelebDF_v2,D:\資料\專題\PY\deepfake\研討會(二)\CelebDF_v2_balanced_test\test\real\real_00250_f000072.png,real_00250_f000072.png,real::real_00250,real_00250,real,0,0.45297449827194214,0
CelebDF_v2,D:\資料\專題\PY\deepfake\研討會(二)\CelebDF_v2_balanced_test\test\real\real_00251_f000031.png,real_00251_f000031.png,real::real_00251,real_00251,real,0,0.4760696291923523,0
CelebDF_v2,D:\資料\專題\PY\deepfake\研討會(二)\CelebDF_v2_balanced_test\test\real\real_00251_f000054.png,real_00251_f000054.png,real::real_00251,real_00251,real,0,0.4811757802963257,0
CelebDF_v2,D:\資料\專題\PY\deepfake\研討會(二)\CelebDF_v2_balanced_test\test\real\real_00251_f000077.png,real_00251_f000077.png,real::real_00251,real_00251,real,0,0.49115654826164246,0
CelebDF_v2,D:\資料\專題\PY\deepfake\研討會(二)\CelebDF_v2_balanced_test\test\real\real_00252_f000031.png,real_00252_f000031.png,real::real_00252,real_00252,real,0,0.4930414855480194,0
CelebDF_v2,D:\資料\專題\PY\deepfake\研討會(二)\CelebDF_v2_balanced_test\test\real\real_00252_f000053.png,real_00252_f000053.png,real::real_00252,real_00252,real,0,0.48645350337028503,0
CelebDF_v2,D:\資料\專題\PY\deepfake\研討會(二)\CelebDF_v2_balanced_test\test\real\real_00252_f000075.png,real_00252_f000075.png,real::real_00252,real_00252,real,0,0.4883672595024109,0
CelebDF_v2,D:\資料\專題\PY\deepfake\研討會(二)\CelebDF_v2_balanced_test\test\real\real_00253_f000026.png,real_00253_f000026.png,real::real_00253,real_00253,real,0,0.47245529294013977,0
CelebDF_v2,D:\資料\專題\PY\deepfake\研討會(二)\CelebDF_v2_balanced_test\test\real\real_00253_f000044.png,real_00253_f000044.png,real::real_00253,real_00253,real,0,0.492137610912323,0
CelebDF_v2,D:\資料\專題\PY\deepfake\研討會(二)\CelebDF_v2_balanced_test\test\real\real_00253_f000063.png,real_00253_f000063.png,real::real_00253,real_00253,real,0,0.47411373257637024,0
CelebDF_v2,D:\資料\專題\PY\deepfake\研討會(二)\CelebDF_v2_balanced_test\test\real\real_00254_f000046.png,real_00254_f000046.png,real::real_00254,real_00254,real,0,0.4524603486061096,0
CelebDF_v2,D:\資料\專題\PY\deepfake\研討會(二)\CelebDF_v2_balanced_test\test\real\real_00254_f000079.png,real_00254_f000079.png,real::real_00254,real_00254,real,0,0.45736393332481384,0
CelebDF_v2,D:\資料\專題\PY\deepfake\研討會(二)\CelebDF_v2_balanced_test\test\real\real_00254_f000113.png,real_00254_f000113.png,real::real_00254,real_00254,real,0,0.4601069688796997,0
CelebDF_v2,D:\資料\專題\PY\deepfake\研討會(二)\CelebDF_v2_balanced_test\test\real\real_00255_f000031.png,real_00255_f000031.png,real::real_00255,real_00255,real,0,0.4524754285812378,0
CelebDF_v2,D:\資料\專題\PY\deepfake\研討會(二)\CelebDF_v2_balanced_test\test\real\real_00255_f000054.png,real_00255_f000054.png,real::real_00255,real_00255,real,0,0.45184043049812317,0
CelebDF_v2,D:\資料\專題\PY\deepfake\研討會(二)\CelebDF_v2_balanced_test\test\real\real_00255_f000077.png,real_00255_f000077.png,real::real_00255,real_00255,real,0,0.45586469769477844,0
CelebDF_v2,D:\資料\專題\PY\deepfake\研討會(二)\CelebDF_v2_balanced_test\test\real\real_00256_f000032.png,real_00256_f000032.png,real::real_00256,real_00256,real,0,0.44051438570022583,0
CelebDF_v2,D:\資料\專題\PY\deepfake\研討會(二)\CelebDF_v2_balanced_test\test\real\real_00256_f000055.png,real_00256_f000055.png,real::real_00256,real_00256,real,0,0.4502234160900116,0
CelebDF_v2,D:\資料\專題\PY\deepfake\研討會(二)\CelebDF_v2_balanced_test\test\real\real_00256_f000078.png,real_00256_f000078.png,real::real_00256,real_00256,real,0,0.4490150809288025,0
CelebDF_v2,D:\資料\專題\PY\deepfake\研討會(二)\CelebDF_v2_balanced_test\test\real\real_00257_f000032.png,real_00257_f000032.png,real::real_00257,real_00257,real,0,0.4717327654361725,0
CelebDF_v2,D:\資料\專題\PY\deepfake\研討會(二)\CelebDF_v2_balanced_test\test\real\real_00257_f000055.png,real_00257_f000055.png,real::real_00257,real_00257,real,0,0.4595005512237549,0
CelebDF_v2,D:\資料\專題\PY\deepfake\研討會(二)\CelebDF_v2_balanced_test\test\real\real_00257_f000078.png,real_00257_f000078.png,real::real_00257,real_00257,real,0,0.4499363899230957,0
CelebDF_v2,D:\資料\專題\PY\deepfake\研討會(二)\CelebDF_v2_balanced_test\test\real\real_00258_f000046.png,real_00258_f000046.png,real::real_00258,real_00258,real,0,0.4618813693523407,0
CelebDF_v2,D:\資料\專題\PY\deepfake\研討會(二)\CelebDF_v2_balanced_test\test\real\real_00258_f000079.png,real_00258_f000079.png,real::real_00258,real_00258,real,0,0.4554559588432312,0
CelebDF_v2,D:\資料\專題\PY\deepfake\研討會(二)\CelebDF_v2_balanced_test\test\real\real_00258_f000112.png,real_00258_f000112.png,real::real_00258,real_00258,real,0,0.4558495581150055,0
CelebDF_v2,D:\資料\專題\PY\deepfake\研討會(二)\CelebDF_v2_balanced_test\test\real\real_00259_f000032.png,real_00259_f000032.png,real::real_00259,real_00259,real,0,0.46160832047462463,0
CelebDF_v2,D:\資料\專題\PY\deepfake\研討會(二)\CelebDF_v2_balanced_test\test\real\real_00259_f000055.png,real_00259_f000055.png,real::real_00259,real_00259,real,0,0.44916611909866333,0
CelebDF_v2,D:\資料\專題\PY\deepfake\研討會(二)\CelebDF_v2_balanced_test\test\real\real_00259_f000078.png,real_00259_f000078.png,real::real_00259,real_00259,real,0,0.4457557201385498,0
CelebDF_v2,D:\資料\專題\PY\deepfake\研討會(二)\CelebDF_v2_balanced_test\test\real\real_00260_f000031.png,real_00260_f000031.png,real::real_00260,real_00260,real,0,0.476533979177475,0
CelebDF_v2,D:\資料\專題\PY\deepfake\研討會(二)\CelebDF_v2_balanced_test\test\real\real_00260_f000053.png,real_00260_f000053.png,real::real_00260,real_00260,real,0,0.4819033443927765,0
CelebDF_v2,D:\資料\專題\PY\deepfake\研討會(二)\CelebDF_v2_balanced_test\test\real\real_00260_f000076.png,real_00260_f000076.png,real::real_00260,real_00260,real,0,0.4708506762981415,0
CelebDF_v2,D:\資料\專題\PY\deepfake\研討會(二)\CelebDF_v2_balanced_test\test\real\real_00261_f000031.png,real_00261_f000031.png,real::real_00261,real_00261,real,0,0.45769721269607544,0
CelebDF_v2,D:\資料\專題\PY\deepfake\研討會(二)\CelebDF_v2_balanced_test\test\real\real_00261_f000054.png,real_00261_f000054.png,real::real_00261,real_00261,real,0,0.45959150791168213,0
CelebDF_v2,D:\資料\專題\PY\deepfake\研討會(二)\CelebDF_v2_balanced_test\test\real\real_00261_f000077.png,real_00261_f000077.png,real::real_00261,real_00261,real,0,0.4596976041793823,0
CelebDF_v2,D:\資料\專題\PY\deepfake\研討會(二)\CelebDF_v2_balanced_test\test\real\real_00262_f000032.png,real_00262_f000032.png,real::real_00262,real_00262,real,0,0.45223352313041687,0
CelebDF_v2,D:\資料\專題\PY\deepfake\研討會(二)\CelebDF_v2_balanced_test\test\real\real_00262_f000055.png,real_00262_f000055.png,real::real_00262,real_00262,real,0,0.45630377531051636,0
CelebDF_v2,D:\資料\專題\PY\deepfake\研討會(二)\CelebDF_v2_balanced_test\test\real\real_00262_f000079.png,real_00262_f000079.png,real::real_00262,real_00262,real,0,0.44418805837631226,0
CelebDF_v2,D:\資料\專題\PY\deepfake\研討會(二)\CelebDF_v2_balanced_test\test\real\real_00263_f000032.png,real_00263_f000032.png,real::real_00263,real_00263,real,0,0.4901822507381439,0
CelebDF_v2,D:\資料\專題\PY\deepfake\研討會(二)\CelebDF_v2_balanced_test\test\real\real_00263_f000055.png,real_00263_f000055.png,real::real_00263,real_00263,real,0,0.48141953349113464,0
CelebDF_v2,D:\資料\專題\PY\deepfake\研討會(二)\CelebDF_v2_balanced_test\test\real\real_00263_f000079.png,real_00263_f000079.png,real::real_00263,real_00263,real,0,0.4831187427043915,0
CelebDF_v2,D:\資料\專題\PY\deepfake\研討會(二)\CelebDF_v2_balanced_test\test\real\real_00264_f000031.png,real_00264_f000031.png,real::real_00264,real_00264,real,0,0.4807186424732208,0
CelebDF_v2,D:\資料\專題\PY\deepfake\研討會(二)\CelebDF_v2_balanced_test\test\real\real_00264_f000054.png,real_00264_f000054.png,real::real_00264,real_00264,real,0,0.49235594272613525,0
CelebDF_v2,D:\資料\專題\PY\deepfake\研討會(二)\CelebDF_v2_balanced_test\test\real\real_00264_f000077.png,real_00264_f000077.png,real::real_00264,real_00264,real,0,0.4771430194377899,0
CelebDF_v2,D:\資料\專題\PY\deepfake\研討會(二)\CelebDF_v2_balanced_test\test\real\real_00265_f000046.png,real_00265_f000046.png,real::real_00265,real_00265,real,0,0.4893948435783386,0
CelebDF_v2,D:\資料\專題\PY\deepfake\研討會(二)\CelebDF_v2_balanced_test\test\real\real_00265_f000079.png,real_00265_f000079.png,real::real_00265,real_00265,real,0,0.49866676330566406,0
CelebDF_v2,D:\資料\專題\PY\deepfake\研討會(二)\CelebDF_v2_balanced_test\test\real\real_00265_f000113.png,real_00265_f000113.png,real::real_00265,real_00265,real,0,0.48467734456062317,0
CelebDF_v2,D:\資料\專題\PY\deepfake\研討會(二)\CelebDF_v2_balanced_test\test\real\real_00266_f000032.png,real_00266_f000032.png,real::real_00266,real_00266,real,0,0.4419439733028412,0
CelebDF_v2,D:\資料\專題\PY\deepfake\研討會(二)\CelebDF_v2_balanced_test\test\real\real_00266_f000055.png,real_00266_f000055.png,real::real_00266,real_00266,real,0,0.4214029610157013,0
CelebDF_v2,D:\資料\專題\PY\deepfake\研討會(二)\CelebDF_v2_balanced_test\test\real\real_00266_f000079.png,real_00266_f000079.png,real::real_00266,real_00266,real,0,0.43161413073539734,0
CelebDF_v2,D:\資料\專題\PY\deepfake\研討會(二)\CelebDF_v2_balanced_test\test\real\real_00267_f000025.png,real_00267_f000025.png,real::real_00267,real_00267,real,0,0.4763132333755493,0
CelebDF_v2,D:\資料\專題\PY\deepfake\研討會(二)\CelebDF_v2_balanced_test\test\real\real_00267_f000043.png,real_00267_f000043.png,real::real_00267,real_00267,real,0,0.49298906326293945,0
CelebDF_v2,D:\資料\專題\PY\deepfake\研討會(二)\CelebDF_v2_balanced_test\test\real\real_00267_f000061.png,real_00267_f000061.png,real::real_00267,real_00267,real,0,0.486072301864624,0
CelebDF_v2,D:\資料\專題\PY\deepfake\研討會(二)\CelebDF_v2_balanced_test\test\real\real_00268_f000031.png,real_00268_f000031.png,real::real_00268,real_00268,real,0,0.47418221831321716,0
CelebDF_v2,D:\資料\專題\PY\deepfake\研討會(二)\CelebDF_v2_balanced_test\test\real\real_00268_f000053.png,real_00268_f000053.png,real::real_00268,real_00268,real,0,0.4703640937805176,0
CelebDF_v2,D:\資料\專題\PY\deepfake\研討會(二)\CelebDF_v2_balanced_test\test\real\real_00268_f000075.png,real_00268_f000075.png,real::real_00268,real_00268,real,0,0.47485947608947754,0
CelebDF_v2,D:\資料\專題\PY\deepfake\研討會(二)\CelebDF_v2_balanced_test\test\real\real_00269_f000031.png,real_00269_f000031.png,real::real_00269,real_00269,real,0,0.44004812836647034,0
CelebDF_v2,D:\資料\專題\PY\deepfake\研討會(二)\CelebDF_v2_balanced_test\test\real\real_00269_f000054.png,real_00269_f000054.png,real::real_00269,real_00269,real,0,0.4346862733364105,0
CelebDF_v2,D:\資料\專題\PY\deepfake\研討會(二)\CelebDF_v2_balanced_test\test\real\real_00269_f000077.png,real_00269_f000077.png,real::real_00269,real_00269,real,0,0.44924160838127136,0
CelebDF_v2,D:\資料\專題\PY\deepfake\研討會(二)\CelebDF_v2_balanced_test\test\real\real_00270_f000031.png,real_00270_f000031.png,real::real_00270,real_00270,real,0,0.43290233612060547,0
CelebDF_v2,D:\資料\專題\PY\deepfake\研討會(二)\CelebDF_v2_balanced_test\test\real\real_00270_f000053.png,real_00270_f000053.png,real::real_00270,real_00270,real,0,0.4402737319469452,0
CelebDF_v2,D:\資料\專題\PY\deepfake\研討會(二)\CelebDF_v2_balanced_test\test\real\real_00270_f000076.png,real_00270_f000076.png,real::real_00270,real_00270,real,0,0.42629173398017883,0
CelebDF_v2,D:\資料\專題\PY\deepfake\研討會(二)\CelebDF_v2_balanced_test\test\real\real_00271_f000029.png,real_00271_f000029.png,real::real_00271,real_00271,real,0,0.47766074538230896,0
CelebDF_v2,D:\資料\專題\PY\deepfake\研討會(二)\CelebDF_v2_balanced_test\test\real\real_00271_f000050.png,real_00271_f000050.png,real::real_00271,real_00271,real,0,0.4705617129802704,0
CelebDF_v2,D:\資料\專題\PY\deepfake\研討會(二)\CelebDF_v2_balanced_test\test\real\real_00271_f000071.png,real_00271_f000071.png,real::real_00271,real_00271,real,0,0.49702954292297363,0
CelebDF_v2,D:\資料\專題\PY\deepfake\研討會(二)\CelebDF_v2_balanced_test\test\real\real_00272_f000031.png,real_00272_f000031.png,real::real_00272,real_00272,real,0,0.4472641348838806,0
CelebDF_v2,D:\資料\專題\PY\deepfake\研討會(二)\CelebDF_v2_balanced_test\test\real\real_00272_f000054.png,real_00272_f000054.png,real::real_00272,real_00272,real,0,0.4500269889831543,0
CelebDF_v2,D:\資料\專題\PY\deepfake\研討會(二)\CelebDF_v2_balanced_test\test\real\real_00272_f000077.png,real_00272_f000077.png,real::real_00272,real_00272,real,0,0.45383667945861816,0
CelebDF_v2,D:\資料\專題\PY\deepfake\研討會(二)\CelebDF_v2_balanced_test\test\real\real_00273_f000032.png,real_00273_f000032.png,real::real_00273,real_00273,real,0,0.48253577947616577,0
CelebDF_v2,D:\資料\專題\PY\deepfake\研討會(二)\CelebDF_v2_balanced_test\test\real\real_00273_f000055.png,real_00273_f000055.png,real::real_00273,real_00273,real,0,0.48030349612236023,0
CelebDF_v2,D:\資料\專題\PY\deepfake\研討會(二)\CelebDF_v2_balanced_test\test\real\real_00273_f000078.png,real_00273_f000078.png,real::real_00273,real_00273,real,0,0.49628132581710815,0
CelebDF_v2,D:\資料\專題\PY\deepfake\研討會(二)\CelebDF_v2_balanced_test\test\real\real_00274_f000046.png,real_00274_f000046.png,real::real_00274,real_00274,real,0,0.42253443598747253,0
CelebDF_v2,D:\資料\專題\PY\deepfake\研討會(二)\CelebDF_v2_balanced_test\test\real\real_00274_f000079.png,real_00274_f000079.png,real::real_00274,real_00274,real,0,0.41546201705932617,0
CelebDF_v2,D:\資料\專題\PY\deepfake\研討會(二)\CelebDF_v2_balanced_test\test\real\real_00274_f000112.png,real_00274_f000112.png,real::real_00274,real_00274,real,0,0.4497400224208832,0
CelebDF_v2,D:\資料\專題\PY\deepfake\研討會(二)\CelebDF_v2_balanced_test\test\real\real_00275_f000046.png,real_00275_f000046.png,real::real_00275,real_00275,real,0,0.47771406173706055,0
CelebDF_v2,D:\資料\專題\PY\deepfake\研討會(二)\CelebDF_v2_balanced_test\test\real\real_00275_f000079.png,real_00275_f000079.png,real::real_00275,real_00275,real,0,0.4893109202384949,0
CelebDF_v2,D:\資料\專題\PY\deepfake\研討會(二)\CelebDF_v2_balanced_test\test\real\real_00275_f000112.png,real_00275_f000112.png,real::real_00275,real_00275,real,0,0.4960791766643524,0
CelebDF_v2,D:\資料\專題\PY\deepfake\研討會(二)\CelebDF_v2_balanced_test\test\real\real_00276_f000046.png,real_00276_f000046.png,real::real_00276,real_00276,real,0,0.44810929894447327,0
CelebDF_v2,D:\資料\專題\PY\deepfake\研討會(二)\CelebDF_v2_balanced_test\test\real\real_00276_f000079.png,real_00276_f000079.png,real::real_00276,real_00276,real,0,0.4509789049625397,0
CelebDF_v2,D:\資料\專題\PY\deepfake\研討會(二)\CelebDF_v2_balanced_test\test\real\real_00276_f000112.png,real_00276_f000112.png,real::real_00276,real_00276,real,0,0.454472154378891,0
CelebDF_v2,D:\資料\專題\PY\deepfake\研討會(二)\CelebDF_v2_balanced_test\test\real\real_00277_f000046.png,real_00277_f000046.png,real::real_00277,real_00277,real,0,0.4360065758228302,0
CelebDF_v2,D:\資料\專題\PY\deepfake\研討會(二)\CelebDF_v2_balanced_test\test\real\real_00277_f000079.png,real_00277_f000079.png,real::real_00277,real_00277,real,0,0.4274863600730896,0
CelebDF_v2,D:\資料\專題\PY\deepfake\研討會(二)\CelebDF_v2_balanced_test\test\real\real_00277_f000113.png,real_00277_f000113.png,real::real_00277,real_00277,real,0,0.4217899739742279,0
CelebDF_v2,D:\資料\專題\PY\deepfake\研討會(二)\CelebDF_v2_balanced_test\test\real\real_00278_f000038.png,real_00278_f000038.png,real::real_00278,real_00278,real,0,0.49138346314430237,0
CelebDF_v2,D:\資料\專題\PY\deepfake\研討會(二)\CelebDF_v2_balanced_test\test\real\real_00278_f000066.png,real_00278_f000066.png,real::real_00278,real_00278,real,0,0.500706672668457,1
CelebDF_v2,D:\資料\專題\PY\deepfake\研討會(二)\CelebDF_v2_balanced_test\test\real\real_00278_f000094.png,real_00278_f000094.png,real::real_00278,real_00278,real,0,0.5128793716430664,1
CelebDF_v2,D:\資料\專題\PY\deepfake\研討會(二)\CelebDF_v2_balanced_test\test\real\real_00279_f000045.png,real_00279_f000045.png,real::real_00279,real_00279,real,0,0.44921138882637024,0
CelebDF_v2,D:\資料\專題\PY\deepfake\研討會(二)\CelebDF_v2_balanced_test\test\real\real_00279_f000077.png,real_00279_f000077.png,real::real_00279,real_00279,real,0,0.44245582818984985,0
CelebDF_v2,D:\資料\專題\PY\deepfake\研討會(二)\CelebDF_v2_balanced_test\test\real\real_00279_f000110.png,real_00279_f000110.png,real::real_00279,real_00279,real,0,0.4498457610607147,0
CelebDF_v2,D:\資料\專題\PY\deepfake\研討會(二)\CelebDF_v2_balanced_test\test\real\real_00280_f000038.png,real_00280_f000038.png,real::real_00280,real_00280,real,0,0.468030720949173,0
CelebDF_v2,D:\資料\專題\PY\deepfake\研討會(二)\CelebDF_v2_balanced_test\test\real\real_00280_f000066.png,real_00280_f000066.png,real::real_00280,real_00280,real,0,0.46453720331192017,0
CelebDF_v2,D:\資料\專題\PY\deepfake\研討會(二)\CelebDF_v2_balanced_test\test\real\real_00280_f000094.png,real_00280_f000094.png,real::real_00280,real_00280,real,0,0.4731018543243408,0
CelebDF_v2,D:\資料\專題\PY\deepfake\研討會(二)\CelebDF_v2_balanced_test\test\real\real_00281_f000045.png,real_00281_f000045.png,real::real_00281,real_00281,real,0,0.47750088572502136,0
CelebDF_v2,D:\資料\專題\PY\deepfake\研討會(二)\CelebDF_v2_balanced_test\test\real\real_00281_f000078.png,real_00281_f000078.png,real::real_00281,real_00281,real,0,0.47498124837875366,0
CelebDF_v2,D:\資料\專題\PY\deepfake\研討會(二)\CelebDF_v2_balanced_test\test\real\real_00281_f000111.png,real_00281_f000111.png,real::real_00281,real_00281,real,0,0.4793132543563843,0
CelebDF_v2,D:\資料\專題\PY\deepfake\研討會(二)\CelebDF_v2_balanced_test\test\real\real_00282_f000044.png,real_00282_f000044.png,real::real_00282,real_00282,real,0,0.4880470335483551,0
CelebDF_v2,D:\資料\專題\PY\deepfake\研討會(二)\CelebDF_v2_balanced_test\test\real\real_00282_f000076.png,real_00282_f000076.png,real::real_00282,real_00282,real,0,0.47712022066116333,0
CelebDF_v2,D:\資料\專題\PY\deepfake\研討會(二)\CelebDF_v2_balanced_test\test\real\real_00282_f000108.png,real_00282_f000108.png,real::real_00282,real_00282,real,0,0.48741796612739563,0
CelebDF_v2,D:\資料\專題\PY\deepfake\研討會(二)\CelebDF_v2_balanced_test\test\real\real_00283_f000039.png,real_00283_f000039.png,real::real_00283,real_00283,real,0,0.4952188730239868,0
CelebDF_v2,D:\資料\專題\PY\deepfake\研討會(二)\CelebDF_v2_balanced_test\test\real\real_00283_f000067.png,real_00283_f000067.png,real::real_00283,real_00283,real,0,0.48044058680534363,0
CelebDF_v2,D:\資料\專題\PY\deepfake\研討會(二)\CelebDF_v2_balanced_test\test\real\real_00283_f000096.png,real_00283_f000096.png,real::real_00283,real_00283,real,0,0.48384273052215576,0
CelebDF_v2,D:\資料\專題\PY\deepfake\研討會(二)\CelebDF_v2_balanced_test\test\real\real_00284_f000046.png,real_00284_f000046.png,real::real_00284,real_00284,real,0,0.454078733921051,0
CelebDF_v2,D:\資料\專題\PY\deepfake\研討會(二)\CelebDF_v2_balanced_test\test\real\real_00284_f000079.png,real_00284_f000079.png,real::real_00284,real_00284,real,0,0.45562246441841125,0
CelebDF_v2,D:\資料\專題\PY\deepfake\研討會(二)\CelebDF_v2_balanced_test\test\real\real_00284_f000113.png,real_00284_f000113.png,real::real_00284,real_00284,real,0,0.46789395809173584,0
CelebDF_v2,D:\資料\專題\PY\deepfake\研討會(二)\CelebDF_v2_balanced_test\test\real\real_00285_f000044.png,real_00285_f000044.png,real::real_00285,real_00285,real,0,0.48204052448272705,0
CelebDF_v2,D:\資料\專題\PY\deepfake\研討會(二)\CelebDF_v2_balanced_test\test\real\real_00285_f000076.png,real_00285_f000076.png,real::real_00285,real_00285,real,0,0.47720393538475037,0
CelebDF_v2,D:\資料\專題\PY\deepfake\研討會(二)\CelebDF_v2_balanced_test\test\real\real_00285_f000109.png,real_00285_f000109.png,real::real_00285,real_00285,real,0,0.4626399576663971,0
CelebDF_v2,D:\資料\專題\PY\deepfake\研討會(二)\CelebDF_v2_balanced_test\test\real\real_00286_f000046.png,real_00286_f000046.png,real::real_00286,real_00286,real,0,0.45937928557395935,0
CelebDF_v2,D:\資料\專題\PY\deepfake\研討會(二)\CelebDF_v2_balanced_test\test\real\real_00286_f000079.png,real_00286_f000079.png,real::real_00286,real_00286,real,0,0.48065391182899475,0
CelebDF_v2,D:\資料\專題\PY\deepfake\研討會(二)\CelebDF_v2_balanced_test\test\real\real_00286_f000112.png,real_00286_f000112.png,real::real_00286,real_00286,real,0,0.46074384450912476,0
CelebDF_v2,D:\資料\專題\PY\deepfake\研討會(二)\CelebDF_v2_balanced_test\test\real\real_00287_f000046.png,real_00287_f000046.png,real::real_00287,real_00287,real,0,0.4782547056674957,0
CelebDF_v2,D:\資料\專題\PY\deepfake\研討會(二)\CelebDF_v2_balanced_test\test\real\real_00287_f000080.png,real_00287_f000080.png,real::real_00287,real_00287,real,0,0.4728584289550781,0
CelebDF_v2,D:\資料\專題\PY\deepfake\研討會(二)\CelebDF_v2_balanced_test\test\real\real_00287_f000114.png,real_00287_f000114.png,real::real_00287,real_00287,real,0,0.46465864777565,0
CelebDF_v2,D:\資料\專題\PY\deepfake\研討會(二)\CelebDF_v2_balanced_test\test\real\real_00288_f000046.png,real_00288_f000046.png,real::real_00288,real_00288,real,0,0.45901548862457275,0
CelebDF_v2,D:\資料\專題\PY\deepfake\研討會(二)\CelebDF_v2_balanced_test\test\real\real_00288_f000080.png,real_00288_f000080.png,real::real_00288,real_00288,real,0,0.4803948998451233,0
CelebDF_v2,D:\資料\專題\PY\deepfake\研討會(二)\CelebDF_v2_balanced_test\test\real\real_00288_f000114.png,real_00288_f000114.png,real::real_00288,real_00288,real,0,0.4813014566898346,0
CelebDF_v2,D:\資料\專題\PY\deepfake\研討會(二)\CelebDF_v2_balanced_test\test\real\real_00289_f000031.png,real_00289_f000031.png,real::real_00289,real_00289,real,0,0.47407567501068115,0
CelebDF_v2,D:\資料\專題\PY\deepfake\研討會(二)\CelebDF_v2_balanced_test\test\real\real_00289_f000053.png,real_00289_f000053.png,real::real_00289,real_00289,real,0,0.46942904591560364,0
CelebDF_v2,D:\資料\專題\PY\deepfake\研討會(二)\CelebDF_v2_balanced_test\test\real\real_00289_f000076.png,real_00289_f000076.png,real::real_00289,real_00289,real,0,0.472995400428772,0
CelebDF_v2,D:\資料\專題\PY\deepfake\研討會(二)\CelebDF_v2_balanced_test\test\real\real_id0_0001_f000030.png,real_id0_0001_f000030.png,real::real_id0_0001,real_id0_0001,real,0,0.49919891357421875,0
CelebDF_v2,D:\資料\專題\PY\deepfake\研討會(二)\CelebDF_v2_balanced_test\test\real\real_id0_0001_f000051.png,real_id0_0001_f000051.png,real::real_id0_0001,real_id0_0001,real,0,0.49799013137817383,0
CelebDF_v2,D:\資料\專題\PY\deepfake\研討會(二)\CelebDF_v2_balanced_test\test\real\real_id0_0001_f000073.png,real_id0_0001_f000073.png,real::real_id0_0001,real_id0_0001,real,0,0.49960997700691223,0
CelebDF_v2,D:\資料\專題\PY\deepfake\研討會(二)\CelebDF_v2_balanced_test\test\real\real_id10_0001_f000014.png,real_id10_0001_f000014.png,real::real_id10_0001,real_id10_0001,real,0,0.5180966258049011,1
CelebDF_v2,D:\資料\專題\PY\deepfake\研討會(二)\CelebDF_v2_balanced_test\test\real\real_id10_0001_f000024.png,real_id10_0001_f000024.png,real::real_id10_0001,real_id10_0001,real,0,0.514167845249176,1
CelebDF_v2,D:\資料\專題\PY\deepfake\研討會(二)\CelebDF_v2_balanced_test\test\real\real_id10_0001_f000034.png,real_id10_0001_f000034.png,real::real_id10_0001,real_id10_0001,real,0,0.5248894095420837,1
CelebDF_v2,D:\資料\專題\PY\deepfake\研討會(二)\CelebDF_v2_balanced_test\test\real\real_id10_0007_f000050.png,real_id10_0007_f000050.png,real::real_id10_0007,real_id10_0007,real,0,0.46030405163764954,0
CelebDF_v2,D:\資料\專題\PY\deepfake\研討會(二)\CelebDF_v2_balanced_test\test\real\real_id10_0007_f000086.png,real_id10_0007_f000086.png,real::real_id10_0007,real_id10_0007,real,0,0.46433982253074646,0
CelebDF_v2,D:\資料\專題\PY\deepfake\研討會(二)\CelebDF_v2_balanced_test\test\real\real_id10_0007_f000122.png,real_id10_0007_f000122.png,real::real_id10_0007,real_id10_0007,real,0,0.4548202455043793,0
CelebDF_v2,D:\資料\專題\PY\deepfake\研討會(二)\CelebDF_v2_balanced_test\test\real\real_id11_0006_f000031.png,real_id11_0006_f000031.png,real::real_id11_0006,real_id11_0006,real,0,0.46649622917175293,0
CelebDF_v2,D:\資料\專題\PY\deepfake\研討會(二)\CelebDF_v2_balanced_test\test\real\real_id11_0006_f000053.png,real_id11_0006_f000053.png,real::real_id11_0006,real_id11_0006,real,0,0.47256937623023987,0
CelebDF_v2,D:\資料\專題\PY\deepfake\研討會(二)\CelebDF_v2_balanced_test\test\real\real_id11_0006_f000076.png,real_id11_0006_f000076.png,real::real_id11_0006,real_id11_0006,real,0,0.46698233485221863,0
CelebDF_v2,D:\資料\專題\PY\deepfake\研討會(二)\CelebDF_v2_balanced_test\test\real\real_id11_0008_f000037.png,real_id11_0008_f000037.png,real::real_id11_0008,real_id11_0008,real,0,0.4476715624332428,0
CelebDF_v2,D:\資料\專題\PY\deepfake\研討會(二)\CelebDF_v2_balanced_test\test\real\real_id11_0008_f000063.png,real_id11_0008_f000063.png,real::real_id11_0008,real_id11_0008,real,0,0.4719228744506836,0
CelebDF_v2,D:\資料\專題\PY\deepfake\研討會(二)\CelebDF_v2_balanced_test\test\real\real_id11_0008_f000090.png,real_id11_0008_f000090.png,real::real_id11_0008,real_id11_0008,real,0,0.4674533009529114,0
CelebDF_v2,D:\資料\專題\PY\deepfake\研討會(二)\CelebDF_v2_balanced_test\test\real\real_id12_0000_f000037.png,real_id12_0000_f000037.png,real::real_id12_0000,real_id12_0000,real,0,0.4802272915840149,0
CelebDF_v2,D:\資料\專題\PY\deepfake\研討會(二)\CelebDF_v2_balanced_test\test\real\real_id12_0000_f000064.png,real_id12_0000_f000064.png,real::real_id12_0000,real_id12_0000,real,0,0.47383981943130493,0
CelebDF_v2,D:\資料\專題\PY\deepfake\研討會(二)\CelebDF_v2_balanced_test\test\real\real_id12_0000_f000091.png,real_id12_0000_f000091.png,real::real_id12_0000,real_id12_0000,real,0,0.4840790331363678,0
CelebDF_v2,D:\資料\專題\PY\deepfake\研討會(二)\CelebDF_v2_balanced_test\test\real\real_id12_0005_f000031.png,real_id12_0005_f000031.png,real::real_id12_0005,real_id12_0005,real,0,0.4893147647380829,0
CelebDF_v2,D:\資料\專題\PY\deepfake\研討會(二)\CelebDF_v2_balanced_test\test\real\real_id12_0005_f000053.png,real_id12_0005_f000053.png,real::real_id12_0005,real_id12_0005,real,0,0.4826119840145111,0
CelebDF_v2,D:\資料\專題\PY\deepfake\研討會(二)\CelebDF_v2_balanced_test\test\real\real_id12_0005_f000076.png,real_id12_0005_f000076.png,real::real_id12_0005,real_id12_0005,real,0,0.48756664991378784,0
CelebDF_v2,D:\資料\專題\PY\deepfake\研討會(二)\CelebDF_v2_balanced_test\test\real\real_id13_0004_f000035.png,real_id13_0004_f000035.png,real::real_id13_0004,real_id13_0004,real,0,0.4580305218696594,0
CelebDF_v2,D:\資料\專題\PY\deepfake\研討會(二)\CelebDF_v2_balanced_test\test\real\real_id13_0004_f000060.png,real_id13_0004_f000060.png,real::real_id13_0004,real_id13_0004,real,0,0.47678521275520325,0
CelebDF_v2,D:\資料\專題\PY\deepfake\研討會(二)\CelebDF_v2_balanced_test\test\real\real_id13_0004_f000085.png,real_id13_0004_f000085.png,real::real_id13_0004,real_id13_0004,real,0,0.482570081949234,0
CelebDF_v2,D:\資料\專題\PY\deepfake\研討會(二)\CelebDF_v2_balanced_test\test\real\real_id13_0011_f000046.png,real_id13_0011_f000046.png,real::real_id13_0011,real_id13_0011,real,0,0.4931921362876892,0
CelebDF_v2,D:\資料\專題\PY\deepfake\研討會(二)\CelebDF_v2_balanced_test\test\real\real_id13_0011_f000079.png,real_id13_0011_f000079.png,real::real_id13_0011,real_id13_0011,real,0,0.49363359808921814,0
CelebDF_v2,D:\資料\專題\PY\deepfake\研討會(二)\CelebDF_v2_balanced_test\test\real\real_id13_0011_f000113.png,real_id13_0011_f000113.png,real::real_id13_0011,real_id13_0011,real,0,0.49102115631103516,0
CelebDF_v2,D:\資料\專題\PY\deepfake\研討會(二)\CelebDF_v2_balanced_test\test\real\real_id13_0013_f000045.png,real_id13_0013_f000045.png,real::real_id13_0013,real_id13_0013,real,0,0.47457030415534973,0
CelebDF_v2,D:\資料\專題\PY\deepfake\研討會(二)\CelebDF_v2_balanced_test\test\real\real_id13_0013_f000078.png,real_id13_0013_f000078.png,real::real_id13_0013,real_id13_0013,real,0,0.4667544364929199,0
CelebDF_v2,D:\資料\專題\PY\deepfake\研討會(二)\CelebDF_v2_balanced_test\test\real\real_id13_0013_f000111.png,real_id13_0013_f000111.png,real::real_id13_0013,real_id13_0013,real,0,0.4795798659324646,0
CelebDF_v2,D:\資料\專題\PY\deepfake\研討會(二)\CelebDF_v2_balanced_test\test\real\real_id16_0007_f000028.png,real_id16_0007_f000028.png,real::real_id16_0007,real_id16_0007,real,0,0.49118325114250183,0
CelebDF_v2,D:\資料\專題\PY\deepfake\研討會(二)\CelebDF_v2_balanced_test\test\real\real_id16_0007_f000048.png,real_id16_0007_f000048.png,real::real_id16_0007,real_id16_0007,real,0,0.4898028075695038,0
CelebDF_v2,D:\資料\專題\PY\deepfake\研討會(二)\CelebDF_v2_balanced_test\test\real\real_id16_0007_f000069.png,real_id16_0007_f000069.png,real::real_id16_0007,real_id16_0007,real,0,0.48250147700309753,0
CelebDF_v2,D:\資料\專題\PY\deepfake\研討會(二)\CelebDF_v2_balanced_test\test\real\real_id16_0010_f000032.png,real_id16_0010_f000032.png,real::real_id16_0010,real_id16_0010,real,0,0.4848107397556305,0
CelebDF_v2,D:\資料\專題\PY\deepfake\研討會(二)\CelebDF_v2_balanced_test\test\real\real_id16_0010_f000055.png,real_id16_0010_f000055.png,real::real_id16_0010,real_id16_0010,real,0,0.48420479893684387,0
CelebDF_v2,D:\資料\專題\PY\deepfake\研討會(二)\CelebDF_v2_balanced_test\test\real\real_id16_0010_f000079.png,real_id16_0010_f000079.png,real::real_id16_0010,real_id16_0010,real,0,0.49166375398635864,0
CelebDF_v2,D:\資料\專題\PY\deepfake\研討會(二)\CelebDF_v2_balanced_test\test\real\real_id16_0011_f000027.png,real_id16_0011_f000027.png,real::real_id16_0011,real_id16_0011,real,0,0.49228063225746155,0
CelebDF_v2,D:\資料\專題\PY\deepfake\研討會(二)\CelebDF_v2_balanced_test\test\real\real_id16_0011_f000046.png,real_id16_0011_f000046.png,real::real_id16_0011,real_id16_0011,real,0,0.49094870686531067,0
CelebDF_v2,D:\資料\專題\PY\deepfake\研討會(二)\CelebDF_v2_balanced_test\test\real\real_id16_0011_f000066.png,real_id16_0011_f000066.png,real::real_id16_0011,real_id16_0011,real,0,0.5010385513305664,1
CelebDF_v2,D:\資料\專題\PY\deepfake\研討會(二)\CelebDF_v2_balanced_test\test\real\real_id17_0000_f000030.png,real_id17_0000_f000030.png,real::real_id17_0000,real_id17_0000,real,0,0.48963695764541626,0
CelebDF_v2,D:\資料\專題\PY\deepfake\研討會(二)\CelebDF_v2_balanced_test\test\real\real_id17_0000_f000052.png,real_id17_0000_f000052.png,real::real_id17_0000,real_id17_0000,real,0,0.48683851957321167,0
CelebDF_v2,D:\資料\專題\PY\deepfake\研討會(二)\CelebDF_v2_balanced_test\test\real\real_id17_0000_f000074.png,real_id17_0000_f000074.png,real::real_id17_0000,real_id17_0000,real,0,0.5002965927124023,1
CelebDF_v2,D:\資料\專題\PY\deepfake\研討會(二)\CelebDF_v2_balanced_test\test\real\real_id17_0002_f000033.png,real_id17_0002_f000033.png,real::real_id17_0002,real_id17_0002,real,0,0.4976825714111328,0
CelebDF_v2,D:\資料\專題\PY\deepfake\研討會(二)\CelebDF_v2_balanced_test\test\real\real_id17_0002_f000057.png,real_id17_0002_f000057.png,real::real_id17_0002,real_id17_0002,real,0,0.5056970119476318,1
CelebDF_v2,D:\資料\專題\PY\deepfake\研討會(二)\CelebDF_v2_balanced_test\test\real\real_id17_0002_f000081.png,real_id17_0002_f000081.png,real::real_id17_0002,real_id17_0002,real,0,0.5023970603942871,1
CelebDF_v2,D:\資料\專題\PY\deepfake\研討會(二)\CelebDF_v2_balanced_test\test\real\real_id19_0005_f000032.png,real_id19_0005_f000032.png,real::real_id19_0005,real_id19_0005,real,0,0.4944102466106415,0
CelebDF_v2,D:\資料\專題\PY\deepfake\研討會(二)\CelebDF_v2_balanced_test\test\real\real_id19_0005_f000055.png,real_id19_0005_f000055.png,real::real_id19_0005,real_id19_0005,real,0,0.493640273809433,0
CelebDF_v2,D:\資料\專題\PY\deepfake\研討會(二)\CelebDF_v2_balanced_test\test\real\real_id19_0005_f000078.png,real_id19_0005_f000078.png,real::real_id19_0005,real_id19_0005,real,0,0.5022153854370117,1
CelebDF_v2,D:\資料\專題\PY\deepfake\研討會(二)\CelebDF_v2_balanced_test\test\real\real_id19_0007_f000032.png,real_id19_0007_f000032.png,real::real_id19_0007,real_id19_0007,real,0,0.4782775342464447,0
CelebDF_v2,D:\資料\專題\PY\deepfake\研討會(二)\CelebDF_v2_balanced_test\test\real\real_id19_0007_f000055.png,real_id19_0007_f000055.png,real::real_id19_0007,real_id19_0007,real,0,0.4778967797756195,0
CelebDF_v2,D:\資料\專題\PY\deepfake\研討會(二)\CelebDF_v2_balanced_test\test\real\real_id19_0007_f000079.png,real_id19_0007_f000079.png,real::real_id19_0007,real_id19_0007,real,0,0.47574231028556824,0
CelebDF_v2,D:\資料\專題\PY\deepfake\研討會(二)\CelebDF_v2_balanced_test\test\real\real_id1_0001_f000027.png,real_id1_0001_f000027.png,real::real_id1_0001,real_id1_0001,real,0,0.4638388752937317,0
CelebDF_v2,D:\資料\專題\PY\deepfake\研討會(二)\CelebDF_v2_balanced_test\test\real\real_id1_0001_f000047.png,real_id1_0001_f000047.png,real::real_id1_0001,real_id1_0001,real,0,0.4668228328227997,0
CelebDF_v2,D:\資料\專題\PY\deepfake\研討會(二)\CelebDF_v2_balanced_test\test\real\real_id1_0001_f000067.png,real_id1_0001_f000067.png,real::real_id1_0001,real_id1_0001,real,0,0.46206340193748474,0
CelebDF_v2,D:\資料\專題\PY\deepfake\研討會(二)\CelebDF_v2_balanced_test\test\real\real_id1_0006_f000050.png,real_id1_0006_f000050.png,real::real_id1_0006,real_id1_0006,real,0,0.48375508189201355,0
CelebDF_v2,D:\資料\專題\PY\deepfake\研討會(二)\CelebDF_v2_balanced_test\test\real\real_id1_0006_f000086.png,real_id1_0006_f000086.png,real::real_id1_0006,real_id1_0006,real,0,0.4746844470500946,0
CelebDF_v2,D:\資料\專題\PY\deepfake\研討會(二)\CelebDF_v2_balanced_test\test\real\real_id1_0006_f000123.png,real_id1_0006_f000123.png,real::real_id1_0006,real_id1_0006,real,0,0.4677571952342987,0
CelebDF_v2,D:\資料\專題\PY\deepfake\研討會(二)\CelebDF_v2_balanced_test\test\real\real_id1_0007_f000032.png,real_id1_0007_f000032.png,real::real_id1_0007,real_id1_0007,real,0,0.4721130430698395,0
CelebDF_v2,D:\資料\專題\PY\deepfake\研討會(二)\CelebDF_v2_balanced_test\test\real\real_id1_0007_f000055.png,real_id1_0007_f000055.png,real::real_id1_0007,real_id1_0007,real,0,0.47202935814857483,0
CelebDF_v2,D:\資料\專題\PY\deepfake\研討會(二)\CelebDF_v2_balanced_test\test\real\real_id1_0007_f000079.png,real_id1_0007_f000079.png,real::real_id1_0007,real_id1_0007,real,0,0.4699079096317291,0
CelebDF_v2,D:\資料\專題\PY\deepfake\研討會(二)\CelebDF_v2_balanced_test\test\real\real_id1_0008_f000051.png,real_id1_0008_f000051.png,real::real_id1_0008,real_id1_0008,real,0,0.48258912563323975,0
CelebDF_v2,D:\資料\專題\PY\deepfake\研討會(二)\CelebDF_v2_balanced_test\test\real\real_id1_0008_f000088.png,real_id1_0008_f000088.png,real::real_id1_0008,real_id1_0008,real,0,0.4876162111759186,0
CelebDF_v2,D:\資料\專題\PY\deepfake\研討會(二)\CelebDF_v2_balanced_test\test\real\real_id1_0008_f000126.png,real_id1_0008_f000126.png,real::real_id1_0008,real_id1_0008,real,0,0.48480692505836487,0
CelebDF_v2,D:\資料\專題\PY\deepfake\研討會(二)\CelebDF_v2_balanced_test\test\real\real_id20_0008_f000033.png,real_id20_0008_f000033.png,real::real_id20_0008,real_id20_0008,real,0,0.4836217164993286,0
CelebDF_v2,D:\資料\專題\PY\deepfake\研討會(二)\CelebDF_v2_balanced_test\test\real\real_id20_0008_f000057.png,real_id20_0008_f000057.png,real::real_id20_0008,real_id20_0008,real,0,0.49390918016433716,0
CelebDF_v2,D:\資料\專題\PY\deepfake\研討會(二)\CelebDF_v2_balanced_test\test\real\real_id20_0008_f000082.png,real_id20_0008_f000082.png,real::real_id20_0008,real_id20_0008,real,0,0.4881499707698822,0
CelebDF_v2,D:\資料\專題\PY\deepfake\研討會(二)\CelebDF_v2_balanced_test\test\real\real_id21_0006_f000035.png,real_id21_0006_f000035.png,real::real_id21_0006,real_id21_0006,real,0,0.49390727281570435,0
CelebDF_v2,D:\資料\專題\PY\deepfake\研討會(二)\CelebDF_v2_balanced_test\test\real\real_id21_0006_f000061.png,real_id21_0006_f000061.png,real::real_id21_0006,real_id21_0006,real,0,0.4900030493736267,0
CelebDF_v2,D:\資料\專題\PY\deepfake\研討會(二)\CelebDF_v2_balanced_test\test\real\real_id21_0006_f000087.png,real_id21_0006_f000087.png,real::real_id21_0006,real_id21_0006,real,0,0.48318734765052795,0
CelebDF_v2,D:\資料\專題\PY\deepfake\研討會(二)\CelebDF_v2_balanced_test\test\real\real_id21_0009_f000031.png,real_id21_0009_f000031.png,real::real_id21_0009,real_id21_0009,real,0,0.4864649474620819,0
CelebDF_v2,D:\資料\專題\PY\deepfake\研討會(二)\CelebDF_v2_balanced_test\test\real\real_id21_0009_f000054.png,real_id21_0009_f000054.png,real::real_id21_0009,real_id21_0009,real,0,0.491238534450531,0
CelebDF_v2,D:\資料\專題\PY\deepfake\研討會(二)\CelebDF_v2_balanced_test\test\real\real_id21_0009_f000077.png,real_id21_0009_f000077.png,real::real_id21_0009,real_id21_0009,real,0,0.49542319774627686,0
CelebDF_v2,D:\資料\專題\PY\deepfake\研討會(二)\CelebDF_v2_balanced_test\test\real\real_id22_0000_f000019.png,real_id22_0000_f000019.png,real::real_id22_0000,real_id22_0000,real,0,0.4763132333755493,0
CelebDF_v2,D:\資料\專題\PY\deepfake\研討會(二)\CelebDF_v2_balanced_test\test\real\real_id22_0000_f000033.png,real_id22_0000_f000033.png,real::real_id22_0000,real_id22_0000,real,0,0.46636709570884705,0
CelebDF_v2,D:\資料\專題\PY\deepfake\研討會(二)\CelebDF_v2_balanced_test\test\real\real_id22_0000_f000047.png,real_id22_0000_f000047.png,real::real_id22_0000,real_id22_0000,real,0,0.49620068073272705,0
CelebDF_v2,D:\資料\專題\PY\deepfake\研討會(二)\CelebDF_v2_balanced_test\test\real\real_id22_0009_f000033.png,real_id22_0009_f000033.png,real::real_id22_0009,real_id22_0009,real,0,0.4783917963504791,0
CelebDF_v2,D:\資料\專題\PY\deepfake\研討會(二)\CelebDF_v2_balanced_test\test\real\real_id22_0009_f000057.png,real_id22_0009_f000057.png,real::real_id22_0009,real_id22_0009,real,0,0.47403764724731445,0
CelebDF_v2,D:\資料\專題\PY\deepfake\研討會(二)\CelebDF_v2_balanced_test\test\real\real_id22_0009_f000081.png,real_id22_0009_f000081.png,real::real_id22_0009,real_id22_0009,real,0,0.4823834002017975,0
CelebDF_v2,D:\資料\專題\PY\deepfake\研討會(二)\CelebDF_v2_balanced_test\test\real\real_id23_0001_f000030.png,real_id23_0001_f000030.png,real::real_id23_0001,real_id23_0001,real,0,0.47888678312301636,0
CelebDF_v2,D:\資料\專題\PY\deepfake\研討會(二)\CelebDF_v2_balanced_test\test\real\real_id23_0001_f000052.png,real_id23_0001_f000052.png,real::real_id23_0001,real_id23_0001,real,0,0.4613049626350403,0
CelebDF_v2,D:\資料\專題\PY\deepfake\研討會(二)\CelebDF_v2_balanced_test\test\real\real_id23_0001_f000074.png,real_id23_0001_f000074.png,real::real_id23_0001,real_id23_0001,real,0,0.47989213466644287,0
CelebDF_v2,D:\資料\專題\PY\deepfake\研討會(二)\CelebDF_v2_balanced_test\test\real\real_id24_0009_f000031.png,real_id24_0009_f000031.png,real::real_id24_0009,real_id24_0009,real,0,0.466716468334198,0
CelebDF_v2,D:\資料\專題\PY\deepfake\研討會(二)\CelebDF_v2_balanced_test\test\real\real_id24_0009_f000053.png,real_id24_0009_f000053.png,real::real_id24_0009,real_id24_0009,real,0,0.4726758897304535,0
CelebDF_v2,D:\資料\專題\PY\deepfake\研討會(二)\CelebDF_v2_balanced_test\test\real\real_id24_0009_f000075.png,real_id24_0009_f000075.png,real::real_id24_0009,real_id24_0009,real,0,0.48128241300582886,0
CelebDF_v2,D:\資料\專題\PY\deepfake\研討會(二)\CelebDF_v2_balanced_test\test\real\real_id25_0010_f000035.png,real_id25_0010_f000035.png,real::real_id25_0010,real_id25_0010,real,0,0.480829119682312,0
CelebDF_v2,D:\資料\專題\PY\deepfake\研討會(二)\CelebDF_v2_balanced_test\test\real\real_id25_0010_f000060.png,real_id25_0010_f000060.png,real::real_id25_0010,real_id25_0010,real,0,0.46315592527389526,0
CelebDF_v2,D:\資料\專題\PY\deepfake\研討會(二)\CelebDF_v2_balanced_test\test\real\real_id25_0010_f000086.png,real_id25_0010_f000086.png,real::real_id25_0010,real_id25_0010,real,0,0.4726606607437134,0
CelebDF_v2,D:\資料\專題\PY\deepfake\研討會(二)\CelebDF_v2_balanced_test\test\real\real_id26_0008_f000031.png,real_id26_0008_f000031.png,real::real_id26_0008,real_id26_0008,real,0,0.4919383227825165,0
CelebDF_v2,D:\資料\專題\PY\deepfake\研討會(二)\CelebDF_v2_balanced_test\test\real\real_id26_0008_f000054.png,real_id26_0008_f000054.png,real::real_id26_0008,real_id26_0008,real,0,0.511975884437561,1
CelebDF_v2,D:\資料\專題\PY\deepfake\研討會(二)\CelebDF_v2_balanced_test\test\real\real_id26_0008_f000077.png,real_id26_0008_f000077.png,real::real_id26_0008,real_id26_0008,real,0,0.4972591996192932,0
CelebDF_v2,D:\資料\專題\PY\deepfake\研討會(二)\CelebDF_v2_balanced_test\test\real\real_id27_0008_f000033.png,real_id27_0008_f000033.png,real::real_id27_0008,real_id27_0008,real,0,0.475978285074234,0
CelebDF_v2,D:\資料\專題\PY\deepfake\研討會(二)\CelebDF_v2_balanced_test\test\real\real_id27_0008_f000056.png,real_id27_0008_f000056.png,real::real_id27_0008,real_id27_0008,real,0,0.46774962544441223,0
CelebDF_v2,D:\資料\專題\PY\deepfake\研討會(二)\CelebDF_v2_balanced_test\test\real\real_id27_0008_f000080.png,real_id27_0008_f000080.png,real::real_id27_0008,real_id27_0008,real,0,0.47407567501068115,0
CelebDF_v2,D:\資料\專題\PY\deepfake\研討會(二)\CelebDF_v2_balanced_test\test\real\real_id27_0009_f000031.png,real_id27_0009_f000031.png,real::real_id27_0009,real_id27_0009,real,0,0.47771406173706055,0
CelebDF_v2,D:\資料\專題\PY\deepfake\研討會(二)\CelebDF_v2_balanced_test\test\real\real_id27_0009_f000053.png,real_id27_0009_f000053.png,real::real_id27_0009,real_id27_0009,real,0,0.4793970584869385,0
CelebDF_v2,D:\資料\專題\PY\deepfake\研討會(二)\CelebDF_v2_balanced_test\test\real\real_id27_0009_f000075.png,real_id27_0009_f000075.png,real::real_id27_0009,real_id27_0009,real,0,0.4807415008544922,0
CelebDF_v2,D:\資料\專題\PY\deepfake\研討會(二)\CelebDF_v2_balanced_test\test\real\real_id28_0004_f000031.png,real_id28_0004_f000031.png,real::real_id28_0004,real_id28_0004,real,0,0.4832749664783478,0
CelebDF_v2,D:\資料\專題\PY\deepfake\研討會(二)\CelebDF_v2_balanced_test\test\real\real_id28_0004_f000053.png,real_id28_0004_f000053.png,real::real_id28_0004,real_id28_0004,real,0,0.4901765286922455,0
CelebDF_v2,D:\資料\專題\PY\deepfake\研討會(二)\CelebDF_v2_balanced_test\test\real\real_id28_0004_f000075.png,real_id28_0004_f000075.png,real::real_id28_0004,real_id28_0004,real,0,0.48680421710014343,0
CelebDF_v2,D:\資料\專題\PY\deepfake\研討會(二)\CelebDF_v2_balanced_test\test\real\real_id28_0007_f000030.png,real_id28_0007_f000030.png,real::real_id28_0007,real_id28_0007,real,0,0.47137531638145447,0
CelebDF_v2,D:\資料\專題\PY\deepfake\研討會(二)\CelebDF_v2_balanced_test\test\real\real_id28_0007_f000051.png,real_id28_0007_f000051.png,real::real_id28_0007,real_id28_0007,real,0,0.4795112907886505,0
CelebDF_v2,D:\資料\專題\PY\deepfake\研討會(二)\CelebDF_v2_balanced_test\test\real\real_id28_0007_f000073.png,real_id28_0007_f000073.png,real::real_id28_0007,real_id28_0007,real,0,0.454018235206604,0
CelebDF_v2,D:\資料\專題\PY\deepfake\研討會(二)\CelebDF_v2_balanced_test\test\real\real_id28_0009_f000033.png,real_id28_0009_f000033.png,real::real_id28_0009,real_id28_0009,real,0,0.4987459182739258,0
CelebDF_v2,D:\資料\專題\PY\deepfake\研討會(二)\CelebDF_v2_balanced_test\test\real\real_id28_0009_f000056.png,real_id28_0009_f000056.png,real::real_id28_0009,real_id28_0009,real,0,0.4943087100982666,0
CelebDF_v2,D:\資料\專題\PY\deepfake\研討會(二)\CelebDF_v2_balanced_test\test\real\real_id28_0009_f000080.png,real_id28_0009_f000080.png,real::real_id28_0009,real_id28_0009,real,0,0.48976659774780273,0
CelebDF_v2,D:\資料\專題\PY\deepfake\研討會(二)\CelebDF_v2_balanced_test\test\real\real_id29_0008_f000045.png,real_id29_0008_f000045.png,real::real_id29_0008,real_id29_0008,real,0,0.48051294684410095,0
CelebDF_v2,D:\資料\專題\PY\deepfake\研討會(二)\CelebDF_v2_balanced_test\test\real\real_id29_0008_f000077.png,real_id29_0008_f000077.png,real::real_id29_0008,real_id29_0008,real,0,0.47888678312301636,0
CelebDF_v2,D:\資料\專題\PY\deepfake\研討會(二)\CelebDF_v2_balanced_test\test\real\real_id29_0008_f000110.png,real_id29_0008_f000110.png,real::real_id29_0008,real_id29_0008,real,0,0.476884126663208,0
CelebDF_v2,D:\資料\專題\PY\deepfake\研討會(二)\CelebDF_v2_balanced_test\test\real\real_id29_0009_f000047.png,real_id29_0009_f000047.png,real::real_id29_0009,real_id29_0009,real,0,0.47167953848838806,0
CelebDF_v2,D:\資料\專題\PY\deepfake\研討會(二)\CelebDF_v2_balanced_test\test\real\real_id29_0009_f000081.png,real_id29_0009_f000081.png,real::real_id29_0009,real_id29_0009,real,0,0.4643094539642334,0
CelebDF_v2,D:\資料\專題\PY\deepfake\研討會(二)\CelebDF_v2_balanced_test\test\real\real_id29_0009_f000115.png,real_id29_0009_f000115.png,real::real_id29_0009,real_id29_0009,real,0,0.47776734828948975,0
CelebDF_v2,D:\資料\專題\PY\deepfake\研討會(二)\CelebDF_v2_balanced_test\test\real\real_id2_0001_f000037.png,real_id2_0001_f000037.png,real::real_id2_0001,real_id2_0001,real,0,0.47033366560935974,0
CelebDF_v2,D:\資料\專題\PY\deepfake\研討會(二)\CelebDF_v2_balanced_test\test\real\real_id2_0001_f000064.png,real_id2_0001_f000064.png,real::real_id2_0001,real_id2_0001,real,0,0.47830796241760254,0
CelebDF_v2,D:\資料\專題\PY\deepfake\研討會(二)\CelebDF_v2_balanced_test\test\real\real_id2_0001_f000091.png,real_id2_0001_f000091.png,real::real_id2_0001,real_id2_0001,real,0,0.47241726517677307,0
CelebDF_v2,D:\資料\專題\PY\deepfake\研討會(二)\CelebDF_v2_balanced_test\test\real\real_id2_0002_f000036.png,real_id2_0002_f000036.png,real::real_id2_0002,real_id2_0002,real,0,0.48015111684799194,0
CelebDF_v2,D:\資料\專題\PY\deepfake\研討會(二)\CelebDF_v2_balanced_test\test\real\real_id2_0002_f000062.png,real_id2_0002_f000062.png,real::real_id2_0002,real_id2_0002,real,0,0.48331308364868164,0
CelebDF_v2,D:\資料\專題\PY\deepfake\研討會(二)\CelebDF_v2_balanced_test\test\real\real_id2_0002_f000088.png,real_id2_0002_f000088.png,real::real_id2_0002,real_id2_0002,real,0,0.4743572473526001,0
CelebDF_v2,D:\資料\專題\PY\deepfake\研討會(二)\CelebDF_v2_balanced_test\test\real\real_id2_0003_f000038.png,real_id2_0003_f000038.png,real::real_id2_0003,real_id2_0003,real,0,0.4602585732936859,0
CelebDF_v2,D:\資料\專題\PY\deepfake\研討會(二)\CelebDF_v2_balanced_test\test\real\real_id2_0003_f000065.png,real_id2_0003_f000065.png,real::real_id2_0003,real_id2_0003,real,0,0.46730896830558777,0
CelebDF_v2,D:\資料\專題\PY\deepfake\研討會(二)\CelebDF_v2_balanced_test\test\real\real_id2_0003_f000093.png,real_id2_0003_f000093.png,real::real_id2_0003,real_id2_0003,real,0,0.45859116315841675,0
CelebDF_v2,D:\資料\專題\PY\deepfake\研討會(二)\CelebDF_v2_balanced_test\test\real\real_id2_0004_f000042.png,real_id2_0004_f000042.png,real::real_id2_0004,real_id2_0004,real,0,0.4710483253002167,0
CelebDF_v2,D:\資料\專題\PY\deepfake\研討會(二)\CelebDF_v2_balanced_test\test\real\real_id2_0004_f000072.png,real_id2_0004_f000072.png,real::real_id2_0004,real_id2_0004,real,0,0.4768994152545929,0
CelebDF_v2,D:\資料\專題\PY\deepfake\研討會(二)\CelebDF_v2_balanced_test\test\real\real_id2_0004_f000103.png,real_id2_0004_f000103.png,real::real_id2_0004,real_id2_0004,real,0,0.47186964750289917,0
CelebDF_v2,D:\資料\專題\PY\deepfake\研討會(二)\CelebDF_v2_balanced_test\test\real\real_id2_0008_f000051.png,real_id2_0008_f000051.png,real::real_id2_0008,real_id2_0008,real,0,0.46917062997817993,0
CelebDF_v2,D:\資料\專題\PY\deepfake\研討會(二)\CelebDF_v2_balanced_test\test\real\real_id2_0008_f000088.png,real_id2_0008_f000088.png,real::real_id2_0008,real_id2_0008,real,0,0.4772495925426483,0
CelebDF_v2,D:\資料\專題\PY\deepfake\研討會(二)\CelebDF_v2_balanced_test\test\real\real_id2_0008_f000125.png,real_id2_0008_f000125.png,real::real_id2_0008,real_id2_0008,real,0,0.4630800187587738,0
CelebDF_v2,D:\資料\專題\PY\deepfake\研討會(二)\CelebDF_v2_balanced_test\test\real\real_id30_0007_f000045.png,real_id30_0007_f000045.png,real::real_id30_0007,real_id30_0007,real,0,0.49529924988746643,0
CelebDF_v2,D:\資料\專題\PY\deepfake\研討會(二)\CelebDF_v2_balanced_test\test\real\real_id30_0007_f000078.png,real_id30_0007_f000078.png,real::real_id30_0007,real_id30_0007,real,0,0.5087710022926331,1
CelebDF_v2,D:\資料\專題\PY\deepfake\研討會(二)\CelebDF_v2_balanced_test\test\real\real_id30_0007_f000111.png,real_id30_0007_f000111.png,real::real_id30_0007,real_id30_0007,real,0,0.510288655757904,1
CelebDF_v2,D:\資料\專題\PY\deepfake\研討會(二)\CelebDF_v2_balanced_test\test\real\real_id31_0003_f000046.png,real_id31_0003_f000046.png,real::real_id31_0003,real_id31_0003,real,0,0.47374093532562256,0
CelebDF_v2,D:\資料\專題\PY\deepfake\研討會(二)\CelebDF_v2_balanced_test\test\real\real_id31_0003_f000079.png,real_id31_0003_f000079.png,real::real_id31_0003,real_id31_0003,real,0,0.4673013985157013,0
CelebDF_v2,D:\資料\專題\PY\deepfake\研討會(二)\CelebDF_v2_balanced_test\test\real\real_id31_0003_f000113.png,real_id31_0003_f000113.png,real::real_id31_0003,real_id31_0003,real,0,0.4756433665752411,0
CelebDF_v2,D:\資料\專題\PY\deepfake\研討會(二)\CelebDF_v2_balanced_test\test\real\real_id31_0004_f000046.png,real_id31_0004_f000046.png,real::real_id31_0004,real_id31_0004,real,0,0.47069859504699707,0
CelebDF_v2,D:\資料\專題\PY\deepfake\研討會(二)\CelebDF_v2_balanced_test\test\real\real_id31_0004_f000079.png,real_id31_0004_f000079.png,real::real_id31_0004,real_id31_0004,real,0,0.502926766872406,1
CelebDF_v2,D:\資料\專題\PY\deepfake\研討會(二)\CelebDF_v2_balanced_test\test\real\real_id31_0004_f000113.png,real_id31_0004_f000113.png,real::real_id31_0004,real_id31_0004,real,0,0.47247809171676636,0
CelebDF_v2,D:\資料\專題\PY\deepfake\研討會(二)\CelebDF_v2_balanced_test\test\real\real_id31_0007_f000045.png,real_id31_0007_f000045.png,real::real_id31_0007,real_id31_0007,real,0,0.46537989377975464,0
CelebDF_v2,D:\資料\專題\PY\deepfake\研討會(二)\CelebDF_v2_balanced_test\test\real\real_id31_0007_f000078.png,real_id31_0007_f000078.png,real::real_id31_0007,real_id31_0007,real,0,0.4647345542907715,0
CelebDF_v2,D:\資料\專題\PY\deepfake\研討會(二)\CelebDF_v2_balanced_test\test\real\real_id31_0007_f000111.png,real_id31_0007_f000111.png,real::real_id31_0007,real_id31_0007,real,0,0.4762142598628998,0
CelebDF_v2,D:\資料\專題\PY\deepfake\研討會(二)\CelebDF_v2_balanced_test\test\real\real_id32_0002_f000049.png,real_id32_0002_f000049.png,real::real_id32_0002,real_id32_0002,real,0,0.488859087228775,0
CelebDF_v2,D:\資料\專題\PY\deepfake\研討會(二)\CelebDF_v2_balanced_test\test\real\real_id32_0002_f000084.png,real_id32_0002_f000084.png,real::real_id32_0002,real_id32_0002,real,0,0.4951850175857544,0
CelebDF_v2,D:\資料\專題\PY\deepfake\研討會(二)\CelebDF_v2_balanced_test\test\real\real_id32_0002_f000120.png,real_id32_0002_f000120.png,real::real_id32_0002,real_id32_0002,real,0,0.48756664991378784,0
CelebDF_v2,D:\資料\專題\PY\deepfake\研討會(二)\CelebDF_v2_balanced_test\test\real\real_id32_0003_f000044.png,real_id32_0003_f000044.png,real::real_id32_0003,real_id32_0003,real,0,0.48404473066329956,0
CelebDF_v2,D:\資料\專題\PY\deepfake\研討會(二)\CelebDF_v2_balanced_test\test\real\real_id32_0003_f000076.png,real_id32_0003_f000076.png,real::real_id32_0003,real_id32_0003,real,0,0.4697939157485962,0
CelebDF_v2,D:\資料\專題\PY\deepfake\研討會(二)\CelebDF_v2_balanced_test\test\real\real_id32_0003_f000109.png,real_id32_0003_f000109.png,real::real_id32_0003,real_id32_0003,real,0,0.4720141589641571,0
CelebDF_v2,D:\資料\專題\PY\deepfake\研討會(二)\CelebDF_v2_balanced_test\test\real\real_id32_0006_f000046.png,real_id32_0006_f000046.png,real::real_id32_0006,real_id32_0006,real,0,0.4999580383300781,0
CelebDF_v2,D:\資料\專題\PY\deepfake\研討會(二)\CelebDF_v2_balanced_test\test\real\real_id32_0006_f000079.png,real_id32_0006_f000079.png,real::real_id32_0006,real_id32_0006,real,0,0.4987144470214844,0
CelebDF_v2,D:\資料\專題\PY\deepfake\研討會(二)\CelebDF_v2_balanced_test\test\real\real_id32_0006_f000113.png,real_id32_0006_f000113.png,real::real_id32_0006,real_id32_0006,real,0,0.4994249641895294,0
CelebDF_v2,D:\資料\專題\PY\deepfake\研討會(二)\CelebDF_v2_balanced_test\test\real\real_id32_0008_f000047.png,real_id32_0008_f000047.png,real::real_id32_0008,real_id32_0008,real,0,0.4858664870262146,0
CelebDF_v2,D:\資料\專題\PY\deepfake\研討會(二)\CelebDF_v2_balanced_test\test\real\real_id32_0008_f000081.png,real_id32_0008_f000081.png,real::real_id32_0008,real_id32_0008,real,0,0.4786050021648407,0
CelebDF_v2,D:\資料\專題\PY\deepfake\研討會(二)\CelebDF_v2_balanced_test\test\real\real_id32_0008_f000115.png,real_id32_0008_f000115.png,real::real_id32_0008,real_id32_0008,real,0,0.46513691544532776,0
CelebDF_v2,D:\資料\專題\PY\deepfake\研討會(二)\CelebDF_v2_balanced_test\test\real\real_id33_0002_f000045.png,real_id33_0002_f000045.png,real::real_id33_0002,real_id33_0002,real,0,0.44903022050857544,0
CelebDF_v2,D:\資料\專題\PY\deepfake\研討會(二)\CelebDF_v2_balanced_test\test\real\real_id33_0002_f000077.png,real_id33_0002_f000077.png,real::real_id33_0002,real_id33_0002,real,0,0.43827423453330994,0
CelebDF_v2,D:\資料\專題\PY\deepfake\研討會(二)\CelebDF_v2_balanced_test\test\real\real_id33_0002_f000110.png,real_id33_0002_f000110.png,real::real_id33_0002,real_id33_0002,real,0,0.45796990394592285,0
CelebDF_v2,D:\資料\專題\PY\deepfake\研討會(二)\CelebDF_v2_balanced_test\test\real\real_id33_0005_f000037.png,real_id33_0005_f000037.png,real::real_id33_0005,real_id33_0005,real,0,0.4740985333919525,0
CelebDF_v2,D:\資料\專題\PY\deepfake\研討會(二)\CelebDF_v2_balanced_test\test\real\real_id33_0005_f000064.png,real_id33_0005_f000064.png,real::real_id33_0005,real_id33_0005,real,0,0.460137277841568,0
CelebDF_v2,D:\資料\專題\PY\deepfake\研討會(二)\CelebDF_v2_balanced_test\test\real\real_id33_0005_f000091.png,real_id33_0005_f000091.png,real::real_id33_0005,real_id33_0005,real,0,0.466784805059433,0
CelebDF_v2,D:\資料\專題\PY\deepfake\研討會(二)\CelebDF_v2_balanced_test\test\real\real_id33_0008_f000050.png,real_id33_0008_f000050.png,real::real_id33_0008,real_id33_0008,real,0,0.4627158045768738,0
CelebDF_v2,D:\資料\專題\PY\deepfake\研討會(二)\CelebDF_v2_balanced_test\test\real\real_id33_0008_f000086.png,real_id33_0008_f000086.png,real::real_id33_0008,real_id33_0008,real,0,0.4430129826068878,0
CelebDF_v2,D:\資料\專題\PY\deepfake\研討會(二)\CelebDF_v2_balanced_test\test\real\real_id33_0008_f000123.png,real_id33_0008_f000123.png,real::real_id33_0008,real_id33_0008,real,0,0.4747985899448395,0
CelebDF_v2,D:\資料\專題\PY\deepfake\研討會(二)\CelebDF_v2_balanced_test\test\real\real_id34_0006_f000044.png,real_id34_0006_f000044.png,real::real_id34_0006,real_id34_0006,real,0,0.4610016345977783,0
CelebDF_v2,D:\資料\專題\PY\deepfake\研討會(二)\CelebDF_v2_balanced_test\test\real\real_id34_0006_f000075.png,real_id34_0006_f000075.png,real::real_id34_0006,real_id34_0006,real,0,0.4685550332069397,0
CelebDF_v2,D:\資料\專題\PY\deepfake\研討會(二)\CelebDF_v2_balanced_test\test\real\real_id34_0006_f000107.png,real_id34_0006_f000107.png,real::real_id34_0006,real_id34_0006,real,0,0.46241235733032227,0
CelebDF_v2,D:\資料\專題\PY\deepfake\研討會(二)\CelebDF_v2_balanced_test\test\real\real_id35_0000_f000048.png,real_id35_0000_f000048.png,real::real_id35_0000,real_id35_0000,real,0,0.4886627495288849,0
CelebDF_v2,D:\資料\專題\PY\deepfake\研討會(二)\CelebDF_v2_balanced_test\test\real\real_id35_0000_f000083.png,real_id35_0000_f000083.png,real::real_id35_0000,real_id35_0000,real,0,0.47422027587890625,0
CelebDF_v2,D:\資料\專題\PY\deepfake\研討會(二)\CelebDF_v2_balanced_test\test\real\real_id35_0000_f000118.png,real_id35_0000_f000118.png,real::real_id35_0000,real_id35_0000,real,0,0.48061200976371765,0
CelebDF_v2,D:\資料\專題\PY\deepfake\研討會(二)\CelebDF_v2_balanced_test\test\real\real_id35_0003_f000045.png,real_id35_0003_f000045.png,real::real_id35_0003,real_id35_0003,real,0,0.4638996124267578,0
CelebDF_v2,D:\資料\專題\PY\deepfake\研討會(二)\CelebDF_v2_balanced_test\test\real\real_id35_0003_f000077.png,real_id35_0003_f000077.png,real::real_id35_0003,real_id35_0003,real,0,0.4797474145889282,0
CelebDF_v2,D:\資料\專題\PY\deepfake\研討會(二)\CelebDF_v2_balanced_test\test\real\real_id35_0003_f000110.png,real_id35_0003_f000110.png,real::real_id35_0003,real_id35_0003,real,0,0.4697102904319763,0
CelebDF_v2,D:\資料\專題\PY\deepfake\研討會(二)\CelebDF_v2_balanced_test\test\real\real_id35_0008_f000020.png,real_id35_0008_f000020.png,real::real_id35_0008,real_id35_0008,real,0,0.46490156650543213,0
CelebDF_v2,D:\資料\專題\PY\deepfake\研討會(二)\CelebDF_v2_balanced_test\test\real\real_id35_0008_f000035.png,real_id35_0008_f000035.png,real::real_id35_0008,real_id35_0008,real,0,0.4763132333755493,0
CelebDF_v2,D:\資料\專題\PY\deepfake\研討會(二)\CelebDF_v2_balanced_test\test\real\real_id35_0008_f000050.png,real_id35_0008_f000050.png,real::real_id35_0008,real_id35_0008,real,0,0.47238680720329285,0
CelebDF_v2,D:\資料\專題\PY\deepfake\研討會(二)\CelebDF_v2_balanced_test\test\real\real_id36_0000_f000041.png,real_id36_0000_f000041.png,real::real_id36_0000,real_id36_0000,real,0,0.44826021790504456,0
CelebDF_v2,D:\資料\專題\PY\deepfake\研討會(二)\CelebDF_v2_balanced_test\test\real\real_id36_0000_f000071.png,real_id36_0000_f000071.png,real::real_id36_0000,real_id36_0000,real,0,0.45075222849845886,0
CelebDF_v2,D:\資料\專題\PY\deepfake\研討會(二)\CelebDF_v2_balanced_test\test\real\real_id36_0000_f000101.png,real_id36_0000_f000101.png,real::real_id36_0000,real_id36_0000,real,0,0.45733362436294556,0
CelebDF_v2,D:\資料\專題\PY\deepfake\研討會(二)\CelebDF_v2_balanced_test\test\real\real_id36_0001_f000042.png,real_id36_0001_f000042.png,real::real_id36_0001,real_id36_0001,real,0,0.4670506715774536,0
CelebDF_v2,D:\資料\專題\PY\deepfake\研討會(二)\CelebDF_v2_balanced_test\test\real\real_id36_0001_f000073.png,real_id36_0001_f000073.png,real::real_id36_0001,real_id36_0001,real,0,0.46912500262260437,0
CelebDF_v2,D:\資料\專題\PY\deepfake\研討會(二)\CelebDF_v2_balanced_test\test\real\real_id36_0001_f000104.png,real_id36_0001_f000104.png,real::real_id36_0001,real_id36_0001,real,0,0.4781557023525238,0
CelebDF_v2,D:\資料\專題\PY\deepfake\研討會(二)\CelebDF_v2_balanced_test\test\real\real_id36_0002_f000045.png,real_id36_0002_f000045.png,real::real_id36_0002,real_id36_0002,real,0,0.45238471031188965,0
CelebDF_v2,D:\資料\專題\PY\deepfake\研討會(二)\CelebDF_v2_balanced_test\test\real\real_id36_0002_f000078.png,real_id36_0002_f000078.png,real::real_id36_0002,real_id36_0002,real,0,0.4465550482273102,0
CelebDF_v2,D:\資料\專題\PY\deepfake\研討會(二)\CelebDF_v2_balanced_test\test\real\real_id36_0002_f000111.png,real_id36_0002_f000111.png,real::real_id36_0002,real_id36_0002,real,0,0.4419138431549072,0
CelebDF_v2,D:\資料\專題\PY\deepfake\研討會(二)\CelebDF_v2_balanced_test\test\real\real_id36_0006_f000047.png,real_id36_0006_f000047.png,real::real_id36_0006,real_id36_0006,real,0,0.4674305021762848,0
CelebDF_v2,D:\資料\專題\PY\deepfake\研討會(二)\CelebDF_v2_balanced_test\test\real\real_id36_0006_f000081.png,real_id36_0006_f000081.png,real::real_id36_0006,real_id36_0006,real,0,0.4599553048610687,0
CelebDF_v2,D:\資料\專題\PY\deepfake\研討會(二)\CelebDF_v2_balanced_test\test\real\real_id36_0006_f000115.png,real_id36_0006_f000115.png,real::real_id36_0006,real_id36_0006,real,0,0.4570609927177429,0
CelebDF_v2,D:\資料\專題\PY\deepfake\研討會(二)\CelebDF_v2_balanced_test\test\real\real_id36_0008_f000046.png,real_id36_0008_f000046.png,real::real_id36_0008,real_id36_0008,real,0,0.46504583954811096,0
CelebDF_v2,D:\資料\專題\PY\deepfake\研討會(二)\CelebDF_v2_balanced_test\test\real\real_id36_0008_f000079.png,real_id36_0008_f000079.png,real::real_id36_0008,real_id36_0008,real,0,0.4673013985157013,0
CelebDF_v2,D:\資料\專題\PY\deepfake\研討會(二)\CelebDF_v2_balanced_test\test\real\real_id36_0008_f000113.png,real_id36_0008_f000113.png,real::real_id36_0008,real_id36_0008,real,0,0.4666253328323364,0
CelebDF_v2,D:\資料\專題\PY\deepfake\研討會(二)\CelebDF_v2_balanced_test\test\real\real_id37_0004_f000037.png,real_id37_0004_f000037.png,real::real_id37_0004,real_id37_0004,real,0,0.4435853660106659,0
CelebDF_v2,D:\資料\專題\PY\deepfake\研討會(二)\CelebDF_v2_balanced_test\test\real\real_id37_0004_f000063.png,real_id37_0004_f000063.png,real::real_id37_0004,real_id37_0004,real,0,0.45981889963150024,0
CelebDF_v2,D:\資料\專題\PY\deepfake\研討會(二)\CelebDF_v2_balanced_test\test\real\real_id37_0004_f000090.png,real_id37_0004_f000090.png,real::real_id37_0004,real_id37_0004,real,0,0.4449717104434967,0
CelebDF_v2,D:\資料\專題\PY\deepfake\研討會(二)\CelebDF_v2_balanced_test\test\real\real_id37_0005_f000045.png,real_id37_0005_f000045.png,real::real_id37_0005,real_id37_0005,real,0,0.45035937428474426,0
CelebDF_v2,D:\資料\專題\PY\deepfake\研討會(二)\CelebDF_v2_balanced_test\test\real\real_id37_0005_f000078.png,real_id37_0005_f000078.png,real::real_id37_0005,real_id37_0005,real,0,0.468030720949173,0
CelebDF_v2,D:\資料\專題\PY\deepfake\研討會(二)\CelebDF_v2_balanced_test\test\real\real_id37_0005_f000111.png,real_id37_0005_f000111.png,real::real_id37_0005,real_id37_0005,real,0,0.45772749185562134,0
CelebDF_v2,D:\資料\專題\PY\deepfake\研討會(二)\CelebDF_v2_balanced_test\test\real\real_id37_0009_f000047.png,real_id37_0009_f000047.png,real::real_id37_0009,real_id37_0009,real,0,0.47774451971054077,0
CelebDF_v2,D:\資料\專題\PY\deepfake\研討會(二)\CelebDF_v2_balanced_test\test\real\real_id37_0009_f000081.png,real_id37_0009_f000081.png,real::real_id37_0009,real_id37_0009,real,0,0.46762803196907043,0
CelebDF_v2,D:\資料\專題\PY\deepfake\研討會(二)\CelebDF_v2_balanced_test\test\real\real_id37_0009_f000115.png,real_id37_0009_f000115.png,real::real_id37_0009,real_id37_0009,real,0,0.4653722941875458,0
CelebDF_v2,D:\資料\專題\PY\deepfake\研討會(二)\CelebDF_v2_balanced_test\test\real\real_id39_0004_f000028.png,real_id39_0004_f000028.png,real::real_id39_0004,real_id39_0004,real,0,0.4824443459510803,0
CelebDF_v2,D:\資料\專題\PY\deepfake\研討會(二)\CelebDF_v2_balanced_test\test\real\real_id39_0004_f000048.png,real_id39_0004_f000048.png,real::real_id39_0004,real_id39_0004,real,0,0.46236684918403625,0
CelebDF_v2,D:\資料\專題\PY\deepfake\研討會(二)\CelebDF_v2_balanced_test\test\real\real_id39_0004_f000068.png,real_id39_0004_f000068.png,real::real_id39_0004,real_id39_0004,real,0,0.46595701575279236,0
CelebDF_v2,D:\資料\專題\PY\deepfake\研討會(二)\CelebDF_v2_balanced_test\test\real\real_id39_0005_f000026.png,real_id39_0005_f000026.png,real::real_id39_0005,real_id39_0005,real,0,0.48925185203552246,0
CelebDF_v2,D:\資料\專題\PY\deepfake\研討會(二)\CelebDF_v2_balanced_test\test\real\real_id39_0005_f000045.png,real_id39_0005_f000045.png,real::real_id39_0005,real_id39_0005,real,0,0.4820595681667328,0
CelebDF_v2,D:\資料\專題\PY\deepfake\研討會(二)\CelebDF_v2_balanced_test\test\real\real_id39_0005_f000064.png,real_id39_0005_f000064.png,real::real_id39_0005,real_id39_0005,real,0,0.4880050718784332,0
CelebDF_v2,D:\資料\專題\PY\deepfake\研討會(二)\CelebDF_v2_balanced_test\test\real\real_id3_0001_f000038.png,real_id3_0001_f000038.png,real::real_id3_0001,real_id3_0001,real,0,0.4628220498561859,0
CelebDF_v2,D:\資料\專題\PY\deepfake\研討會(二)\CelebDF_v2_balanced_test\test\real\real_id3_0001_f000065.png,real_id3_0001_f000065.png,real::real_id3_0001,real_id3_0001,real,0,0.4881804585456848,0
CelebDF_v2,D:\資料\專題\PY\deepfake\研討會(二)\CelebDF_v2_balanced_test\test\real\real_id3_0001_f000093.png,real_id3_0001_f000093.png,real::real_id3_0001,real_id3_0001,real,0,0.46721023321151733,0
CelebDF_v2,D:\資料\專題\PY\deepfake\研討會(二)\CelebDF_v2_balanced_test\test\real\real_id3_0002_f000042.png,real_id3_0002_f000042.png,real::real_id3_0002,real_id3_0002,real,0,0.49210232496261597,0
CelebDF_v2,D:\資料\專題\PY\deepfake\研討會(二)\CelebDF_v2_balanced_test\test\real\real_id3_0002_f000073.png,real_id3_0002_f000073.png,real::real_id3_0002,real_id3_0002,real,0,0.47999876737594604,0
CelebDF_v2,D:\資料\專題\PY\deepfake\研討會(二)\CelebDF_v2_balanced_test\test\real\real_id3_0002_f000104.png,real_id3_0002_f000104.png,real::real_id3_0002,real_id3_0002,real,0,0.4744637608528137,0
CelebDF_v2,D:\資料\專題\PY\deepfake\研討會(二)\CelebDF_v2_balanced_test\test\real\real_id3_0008_f000045.png,real_id3_0008_f000045.png,real::real_id3_0008,real_id3_0008,real,0,0.47766074538230896,0
CelebDF_v2,D:\資料\專題\PY\deepfake\研討會(二)\CelebDF_v2_balanced_test\test\real\real_id3_0008_f000078.png,real_id3_0008_f000078.png,real::real_id3_0008,real_id3_0008,real,0,0.47718870639801025,0
CelebDF_v2,D:\資料\專題\PY\deepfake\研討會(二)\CelebDF_v2_balanced_test\test\real\real_id3_0008_f000111.png,real_id3_0008_f000111.png,real::real_id3_0008,real_id3_0008,real,0,0.4815414547920227,0
CelebDF_v2,D:\資料\專題\PY\deepfake\研討會(二)\CelebDF_v2_balanced_test\test\real\real_id40_0003_f000031.png,real_id40_0003_f000031.png,real::real_id40_0003,real_id40_0003,real,0,0.4517194926738739,0
CelebDF_v2,D:\資料\專題\PY\deepfake\研討會(二)\CelebDF_v2_balanced_test\test\real\real_id40_0003_f000054.png,real_id40_0003_f000054.png,real::real_id40_0003,real_id40_0003,real,0,0.4619572162628174,0
CelebDF_v2,D:\資料\專題\PY\deepfake\研討會(二)\CelebDF_v2_balanced_test\test\real\real_id40_0003_f000077.png,real_id40_0003_f000077.png,real::real_id40_0003,real_id40_0003,real,0,0.44441407918930054,0
CelebDF_v2,D:\資料\專題\PY\deepfake\研討會(二)\CelebDF_v2_balanced_test\test\real\real_id40_0009_f000031.png,real_id40_0009_f000031.png,real::real_id40_0009,real_id40_0009,real,0,0.47447896003723145,0
CelebDF_v2,D:\資料\專題\PY\deepfake\研討會(二)\CelebDF_v2_balanced_test\test\real\real_id40_0009_f000053.png,real_id40_0009_f000053.png,real::real_id40_0009,real_id40_0009,real,0,0.46835747361183167,0
CelebDF_v2,D:\資料\專題\PY\deepfake\研討會(二)\CelebDF_v2_balanced_test\test\real\real_id40_0009_f000076.png,real_id40_0009_f000076.png,real::real_id40_0009,real_id40_0009,real,0,0.4751715064048767,0
CelebDF_v2,D:\資料\專題\PY\deepfake\研討會(二)\CelebDF_v2_balanced_test\test\real\real_id42_0002_f000031.png,real_id42_0002_f000031.png,real::real_id42_0002,real_id42_0002,real,0,0.4774247109889984,0
CelebDF_v2,D:\資料\專題\PY\deepfake\研討會(二)\CelebDF_v2_balanced_test\test\real\real_id42_0002_f000054.png,real_id42_0002_f000054.png,real::real_id42_0002,real_id42_0002,real,0,0.45951569080352783,0
CelebDF_v2,D:\資料\專題\PY\deepfake\研討會(二)\CelebDF_v2_balanced_test\test\real\real_id42_0002_f000077.png,real_id42_0002_f000077.png,real::real_id42_0002,real_id42_0002,real,0,0.4553045332431793,0
CelebDF_v2,D:\資料\專題\PY\deepfake\研討會(二)\CelebDF_v2_balanced_test\test\real\real_id43_0001_f000034.png,real_id43_0001_f000034.png,real::real_id43_0001,real_id43_0001,real,0,0.46007663011550903,0
CelebDF_v2,D:\資料\專題\PY\deepfake\研討會(二)\CelebDF_v2_balanced_test\test\real\real_id43_0001_f000058.png,real_id43_0001_f000058.png,real::real_id43_0001,real_id43_0001,real,0,0.45671263337135315,0
CelebDF_v2,D:\資料\專題\PY\deepfake\研討會(二)\CelebDF_v2_balanced_test\test\real\real_id43_0001_f000083.png,real_id43_0001_f000083.png,real::real_id43_0001,real_id43_0001,real,0,0.46724820137023926,0
CelebDF_v2,D:\資料\專題\PY\deepfake\研討會(二)\CelebDF_v2_balanced_test\test\real\real_id43_0002_f000033.png,real_id43_0002_f000033.png,real::real_id43_0002,real_id43_0002,real,0,0.4892575740814209,0
CelebDF_v2,D:\資料\專題\PY\deepfake\研討會(二)\CelebDF_v2_balanced_test\test\real\real_id43_0002_f000057.png,real_id43_0002_f000057.png,real::real_id43_0002,real_id43_0002,real,0,0.46427908539772034,0
CelebDF_v2,D:\資料\專題\PY\deepfake\研討會(二)\CelebDF_v2_balanced_test\test\real\real_id43_0002_f000081.png,real_id43_0002_f000081.png,real::real_id43_0002,real_id43_0002,real,0,0.4662000238895416,0
CelebDF_v2,D:\資料\專題\PY\deepfake\研討會(二)\CelebDF_v2_balanced_test\test\real\real_id43_0006_f000031.png,real_id43_0006_f000031.png,real::real_id43_0006,real_id43_0006,real,0,0.45792442560195923,0
CelebDF_v2,D:\資料\專題\PY\deepfake\研討會(二)\CelebDF_v2_balanced_test\test\real\real_id43_0006_f000054.png,real_id43_0006_f000054.png,real::real_id43_0006,real_id43_0006,real,0,0.46336835622787476,0
CelebDF_v2,D:\資料\專題\PY\deepfake\研討會(二)\CelebDF_v2_balanced_test\test\real\real_id43_0006_f000077.png,real_id43_0006_f000077.png,real::real_id43_0006,real_id43_0006,real,0,0.461668998003006,0
CelebDF_v2,D:\資料\專題\PY\deepfake\研討會(二)\CelebDF_v2_balanced_test\test\real\real_id44_0001_f000031.png,real_id44_0001_f000031.png,real::real_id44_0001,real_id44_0001,real,0,0.4508882462978363,0
CelebDF_v2,D:\資料\專題\PY\deepfake\研討會(二)\CelebDF_v2_balanced_test\test\real\real_id44_0001_f000053.png,real_id44_0001_f000053.png,real::real_id44_0001,real_id44_0001,real,0,0.43892043828964233,0
CelebDF_v2,D:\資料\專題\PY\deepfake\研討會(二)\CelebDF_v2_balanced_test\test\real\real_id44_0001_f000076.png,real_id44_0001_f000076.png,real::real_id44_0001,real_id44_0001,real,0,0.45268714427948,0
CelebDF_v2,D:\資料\專題\PY\deepfake\研討會(二)\CelebDF_v2_balanced_test\test\real\real_id44_0003_f000034.png,real_id44_0003_f000034.png,real::real_id44_0003,real_id44_0003,real,0,0.4419138431549072,0
CelebDF_v2,D:\資料\專題\PY\deepfake\研討會(二)\CelebDF_v2_balanced_test\test\real\real_id44_0003_f000058.png,real_id44_0003_f000058.png,real::real_id44_0003,real_id44_0003,real,0,0.4438715875148773,0
CelebDF_v2,D:\資料\專題\PY\deepfake\研討會(二)\CelebDF_v2_balanced_test\test\real\real_id44_0003_f000083.png,real_id44_0003_f000083.png,real::real_id44_0003,real_id44_0003,real,0,0.4514625370502472,0
CelebDF_v2,D:\資料\專題\PY\deepfake\研討會(二)\CelebDF_v2_balanced_test\test\real\real_id45_0003_f000031.png,real_id45_0003_f000031.png,real::real_id45_0003,real_id45_0003,real,0,0.46882104873657227,0
CelebDF_v2,D:\資料\專題\PY\deepfake\研討會(二)\CelebDF_v2_balanced_test\test\real\real_id45_0003_f000053.png,real_id45_0003_f000053.png,real::real_id45_0003,real_id45_0003,real,0,0.467529296875,0
CelebDF_v2,D:\資料\專題\PY\deepfake\研討會(二)\CelebDF_v2_balanced_test\test\real\real_id45_0003_f000076.png,real_id45_0003_f000076.png,real::real_id45_0003,real_id45_0003,real,0,0.47206738591194153,0
CelebDF_v2,D:\資料\專題\PY\deepfake\研討會(二)\CelebDF_v2_balanced_test\test\real\real_id46_0000_f000033.png,real_id46_0000_f000033.png,real::real_id46_0000,real_id46_0000,real,0,0.47641220688819885,0
CelebDF_v2,D:\資料\專題\PY\deepfake\研討會(二)\CelebDF_v2_balanced_test\test\real\real_id46_0000_f000057.png,real_id46_0000_f000057.png,real::real_id46_0000,real_id46_0000,real,0,0.4815566837787628,0
CelebDF_v2,D:\資料\專題\PY\deepfake\研討會(二)\CelebDF_v2_balanced_test\test\real\real_id46_0000_f000081.png,real_id46_0000_f000081.png,real::real_id46_0000,real_id46_0000,real,0,0.47570425271987915,0
CelebDF_v2,D:\資料\專題\PY\deepfake\研討會(二)\CelebDF_v2_balanced_test\test\real\real_id48_0000_f000033.png,real_id48_0000_f000033.png,real::real_id48_0000,real_id48_0000,real,0,0.48008260130882263,0
CelebDF_v2,D:\資料\專題\PY\deepfake\研討會(二)\CelebDF_v2_balanced_test\test\real\real_id48_0000_f000057.png,real_id48_0000_f000057.png,real::real_id48_0000,real_id48_0000,real,0,0.4740452468395233,0
CelebDF_v2,D:\資料\專題\PY\deepfake\研討會(二)\CelebDF_v2_balanced_test\test\real\real_id48_0000_f000082.png,real_id48_0000_f000082.png,real::real_id48_0000,real_id48_0000,real,0,0.48138144612312317,0
CelebDF_v2,D:\資料\專題\PY\deepfake\研討會(二)\CelebDF_v2_balanced_test\test\real\real_id48_0003_f000033.png,real_id48_0003_f000033.png,real::real_id48_0003,real_id48_0003,real,0,0.47396156191825867,0
CelebDF_v2,D:\資料\專題\PY\deepfake\研討會(二)\CelebDF_v2_balanced_test\test\real\real_id48_0003_f000057.png,real_id48_0003_f000057.png,real::real_id48_0003,real_id48_0003,real,0,0.4615931510925293,0
CelebDF_v2,D:\資料\專題\PY\deepfake\研討會(二)\CelebDF_v2_balanced_test\test\real\real_id48_0003_f000081.png,real_id48_0003_f000081.png,real::real_id48_0003,real_id48_0003,real,0,0.46292826533317566,0
CelebDF_v2,D:\資料\專題\PY\deepfake\研討會(二)\CelebDF_v2_balanced_test\test\real\real_id49_0004_f000041.png,real_id49_0004_f000041.png,real::real_id49_0004,real_id49_0004,real,0,0.4896712899208069,0
CelebDF_v2,D:\資料\專題\PY\deepfake\研討會(二)\CelebDF_v2_balanced_test\test\real\real_id49_0004_f000071.png,real_id49_0004_f000071.png,real::real_id49_0004,real_id49_0004,real,0,0.4907732903957367,0
CelebDF_v2,D:\資料\專題\PY\deepfake\研討會(二)\CelebDF_v2_balanced_test\test\real\real_id49_0004_f000101.png,real_id49_0004_f000101.png,real::real_id49_0004,real_id49_0004,real,0,0.49318450689315796,0
CelebDF_v2,D:\資料\專題\PY\deepfake\研討會(二)\CelebDF_v2_balanced_test\test\real\real_id4_0004_f000043.png,real_id4_0004_f000043.png,real::real_id4_0004,real_id4_0004,real,0,0.5068965554237366,1
CelebDF_v2,D:\資料\專題\PY\deepfake\研討會(二)\CelebDF_v2_balanced_test\test\real\real_id4_0004_f000074.png,real_id4_0004_f000074.png,real::real_id4_0004,real_id4_0004,real,0,0.5016269683837891,1
CelebDF_v2,D:\資料\專題\PY\deepfake\研討會(二)\CelebDF_v2_balanced_test\test\real\real_id4_0004_f000106.png,real_id4_0004_f000106.png,real::real_id4_0004,real_id4_0004,real,0,0.5063968896865845,1
CelebDF_v2,D:\資料\專題\PY\deepfake\研討會(二)\CelebDF_v2_balanced_test\test\real\real_id50_0000_f000028.png,real_id50_0000_f000028.png,real::real_id50_0000,real_id50_0000,real,0,0.47964078187942505,0
CelebDF_v2,D:\資料\專題\PY\deepfake\研討會(二)\CelebDF_v2_balanced_test\test\real\real_id50_0000_f000048.png,real_id50_0000_f000048.png,real::real_id50_0000,real_id50_0000,real,0,0.49396640062332153,0
CelebDF_v2,D:\資料\專題\PY\deepfake\研討會(二)\CelebDF_v2_balanced_test\test\real\real_id50_0000_f000068.png,real_id50_0000_f000068.png,real::real_id50_0000,real_id50_0000,real,0,0.48354172706604004,0
CelebDF_v2,D:\資料\專題\PY\deepfake\研討會(二)\CelebDF_v2_balanced_test\test\real\real_id50_0003_f000046.png,real_id50_0003_f000046.png,real::real_id50_0003,real_id50_0003,real,0,0.48523378372192383,0
CelebDF_v2,D:\資料\專題\PY\deepfake\研討會(二)\CelebDF_v2_balanced_test\test\real\real_id50_0003_f000079.png,real_id50_0003_f000079.png,real::real_id50_0003,real_id50_0003,real,0,0.4981699287891388,0
CelebDF_v2,D:\資料\專題\PY\deepfake\研討會(二)\CelebDF_v2_balanced_test\test\real\real_id50_0003_f000113.png,real_id50_0003_f000113.png,real::real_id50_0003,real_id50_0003,real,0,0.495951384305954,0
CelebDF_v2,D:\資料\專題\PY\deepfake\研討會(二)\CelebDF_v2_balanced_test\test\real\real_id50_0006_f000044.png,real_id50_0006_f000044.png,real::real_id50_0006,real_id50_0006,real,0,0.48098528385162354,0
CelebDF_v2,D:\資料\專題\PY\deepfake\研討會(二)\CelebDF_v2_balanced_test\test\real\real_id50_0006_f000076.png,real_id50_0006_f000076.png,real::real_id50_0006,real_id50_0006,real,0,0.4817509651184082,0
CelebDF_v2,D:\資料\專題\PY\deepfake\研討會(二)\CelebDF_v2_balanced_test\test\real\real_id50_0006_f000109.png,real_id50_0006_f000109.png,real::real_id50_0006,real_id50_0006,real,0,0.4732920825481415,0
CelebDF_v2,D:\資料\專題\PY\deepfake\研討會(二)\CelebDF_v2_balanced_test\test\real\real_id51_0001_f000040.png,real_id51_0001_f000040.png,real::real_id51_0001,real_id51_0001,real,0,0.45763659477233887,0
CelebDF_v2,D:\資料\專題\PY\deepfake\研討會(二)\CelebDF_v2_balanced_test\test\real\real_id51_0001_f000069.png,real_id51_0001_f000069.png,real::real_id51_0001,real_id51_0001,real,0,0.44500190019607544,0
CelebDF_v2,D:\資料\專題\PY\deepfake\研討會(二)\CelebDF_v2_balanced_test\test\real\real_id51_0001_f000099.png,real_id51_0001_f000099.png,real::real_id51_0001,real_id51_0001,real,0,0.4516136944293976,0
CelebDF_v2,D:\資料\專題\PY\deepfake\研討會(二)\CelebDF_v2_balanced_test\test\real\real_id51_0005_f000038.png,real_id51_0005_f000038.png,real::real_id51_0005,real_id51_0005,real,0,0.4725465476512909,0
CelebDF_v2,D:\資料\專題\PY\deepfake\研討會(二)\CelebDF_v2_balanced_test\test\real\real_id51_0005_f000065.png,real_id51_0005_f000065.png,real::real_id51_0005,real_id51_0005,real,0,0.47129929065704346,0
CelebDF_v2,D:\資料\專題\PY\deepfake\研討會(二)\CelebDF_v2_balanced_test\test\real\real_id51_0005_f000093.png,real_id51_0005_f000093.png,real::real_id51_0005,real_id51_0005,real,0,0.46206340193748474,0
CelebDF_v2,D:\資料\專題\PY\deepfake\研討會(二)\CelebDF_v2_balanced_test\test\real\real_id51_0006_f000046.png,real_id51_0006_f000046.png,real::real_id51_0006,real_id51_0006,real,0,0.47164908051490784,0
CelebDF_v2,D:\資料\專題\PY\deepfake\研討會(二)\CelebDF_v2_balanced_test\test\real\real_id51_0006_f000079.png,real_id51_0006_f000079.png,real::real_id51_0006,real_id51_0006,real,0,0.4470076560974121,0
CelebDF_v2,D:\資料\專題\PY\deepfake\研討會(二)\CelebDF_v2_balanced_test\test\real\real_id51_0006_f000112.png,real_id51_0006_f000112.png,real::real_id51_0006,real_id51_0006,real,0,0.4647497534751892,0
CelebDF_v2,D:\資料\專題\PY\deepfake\研討會(二)\CelebDF_v2_balanced_test\test\real\real_id52_0001_f000046.png,real_id52_0001_f000046.png,real::real_id52_0001,real_id52_0001,real,0,0.48954734206199646,0
CelebDF_v2,D:\資料\專題\PY\deepfake\研討會(二)\CelebDF_v2_balanced_test\test\real\real_id52_0001_f000079.png,real_id52_0001_f000079.png,real::real_id52_0001,real_id52_0001,real,0,0.4945394992828369,0
CelebDF_v2,D:\資料\專題\PY\deepfake\研討會(二)\CelebDF_v2_balanced_test\test\real\real_id52_0001_f000113.png,real_id52_0001_f000113.png,real::real_id52_0001,real_id52_0001,real,0,0.48118335008621216,0
CelebDF_v2,D:\資料\專題\PY\deepfake\研討會(二)\CelebDF_v2_balanced_test\test\real\real_id52_0002_f000054.png,real_id52_0002_f000054.png,real::real_id52_0002,real_id52_0002,real,0,0.4613959491252899,0
CelebDF_v2,D:\資料\專題\PY\deepfake\研討會(二)\CelebDF_v2_balanced_test\test\real\real_id52_0002_f000093.png,real_id52_0002_f000093.png,real::real_id52_0002,real_id52_0002,real,0,0.462564080953598,0
CelebDF_v2,D:\資料\專題\PY\deepfake\研討會(二)\CelebDF_v2_balanced_test\test\real\real_id52_0002_f000132.png,real_id52_0002_f000132.png,real::real_id52_0002,real_id52_0002,real,0,0.4516136944293976,0
CelebDF_v2,D:\資料\專題\PY\deepfake\研討會(二)\CelebDF_v2_balanced_test\test\real\real_id53_0000_f000047.png,real_id53_0000_f000047.png,real::real_id53_0000,real_id53_0000,real,0,0.45397284626960754,0
CelebDF_v2,D:\資料\專題\PY\deepfake\研討會(二)\CelebDF_v2_balanced_test\test\real\real_id53_0000_f000081.png,real_id53_0000_f000081.png,real::real_id53_0000,real_id53_0000,real,0,0.44749048352241516,0
CelebDF_v2,D:\資料\專題\PY\deepfake\研討會(二)\CelebDF_v2_balanced_test\test\real\real_id53_0000_f000115.png,real_id53_0000_f000115.png,real::real_id53_0000,real_id53_0000,real,0,0.45651575922966003,0
CelebDF_v2,D:\資料\專題\PY\deepfake\研討會(二)\CelebDF_v2_balanced_test\test\real\real_id53_0003_f000047.png,real_id53_0003_f000047.png,real::real_id53_0003,real_id53_0003,real,0,0.43988266587257385,0
CelebDF_v2,D:\資料\專題\PY\deepfake\研討會(二)\CelebDF_v2_balanced_test\test\real\real_id53_0003_f000081.png,real_id53_0003_f000081.png,real::real_id53_0003,real_id53_0003,real,0,0.4494832456111908,0
CelebDF_v2,D:\資料\專題\PY\deepfake\研討會(二)\CelebDF_v2_balanced_test\test\real\real_id53_0003_f000115.png,real_id53_0003_f000115.png,real::real_id53_0003,real_id53_0003,real,0,0.450933575630188,0
CelebDF_v2,D:\資料\專題\PY\deepfake\研討會(二)\CelebDF_v2_balanced_test\test\real\real_id53_0007_f000044.png,real_id53_0007_f000044.png,real::real_id53_0007,real_id53_0007,real,0,0.45516833662986755,0
CelebDF_v2,D:\資料\專題\PY\deepfake\研討會(二)\CelebDF_v2_balanced_test\test\real\real_id53_0007_f000076.png,real_id53_0007_f000076.png,real::real_id53_0007,real_id53_0007,real,0,0.46116843819618225,0
CelebDF_v2,D:\資料\專題\PY\deepfake\研討會(二)\CelebDF_v2_balanced_test\test\real\real_id53_0007_f000108.png,real_id53_0007_f000108.png,real::real_id53_0007,real_id53_0007,real,0,0.4624730348587036,0
CelebDF_v2,D:\資料\專題\PY\deepfake\研討會(二)\CelebDF_v2_balanced_test\test\real\real_id54_0007_f000057.png,real_id54_0007_f000057.png,real::real_id54_0007,real_id54_0007,real,0,0.48603421449661255,0
CelebDF_v2,D:\資料\專題\PY\deepfake\研討會(二)\CelebDF_v2_balanced_test\test\real\real_id54_0007_f000098.png,real_id54_0007_f000098.png,real::real_id54_0007,real_id54_0007,real,0,0.47597068548202515,0
CelebDF_v2,D:\資料\專題\PY\deepfake\研討會(二)\CelebDF_v2_balanced_test\test\real\real_id54_0007_f000139.png,real_id54_0007_f000139.png,real::real_id54_0007,real_id54_0007,real,0,0.4767090976238251,0
CelebDF_v2,D:\資料\專題\PY\deepfake\研討會(二)\CelebDF_v2_balanced_test\test\real\real_id56_0000_f000046.png,real_id56_0000_f000046.png,real::real_id56_0000,real_id56_0000,real,0,0.4850012958049774,0
CelebDF_v2,D:\資料\專題\PY\deepfake\研討會(二)\CelebDF_v2_balanced_test\test\real\real_id56_0000_f000080.png,real_id56_0000_f000080.png,real::real_id56_0000,real_id56_0000,real,0,0.49831104278564453,0
CelebDF_v2,D:\資料\專題\PY\deepfake\研討會(二)\CelebDF_v2_balanced_test\test\real\real_id56_0000_f000114.png,real_id56_0000_f000114.png,real::real_id56_0000,real_id56_0000,real,0,0.49490469694137573,0
CelebDF_v2,D:\資料\專題\PY\deepfake\研討會(二)\CelebDF_v2_balanced_test\test\real\real_id56_0002_f000036.png,real_id56_0002_f000036.png,real::real_id56_0002,real_id56_0002,real,0,0.4981670379638672,0
CelebDF_v2,D:\資料\專題\PY\deepfake\研討會(二)\CelebDF_v2_balanced_test\test\real\real_id56_0002_f000062.png,real_id56_0002_f000062.png,real::real_id56_0002,real_id56_0002,real,0,0.5060908198356628,1
CelebDF_v2,D:\資料\專題\PY\deepfake\研討會(二)\CelebDF_v2_balanced_test\test\real\real_id56_0002_f000088.png,real_id56_0002_f000088.png,real::real_id56_0002,real_id56_0002,real,0,0.5067287087440491,1
CelebDF_v2,D:\資料\專題\PY\deepfake\研討會(二)\CelebDF_v2_balanced_test\test\real\real_id56_0009_f000029.png,real_id56_0009_f000029.png,real::real_id56_0009,real_id56_0009,real,0,0.5076440572738647,1
CelebDF_v2,D:\資料\專題\PY\deepfake\研討會(二)\CelebDF_v2_balanced_test\test\real\real_id56_0009_f000050.png,real_id56_0009_f000050.png,real::real_id56_0009,real_id56_0009,real,0,0.49987220764160156,0
CelebDF_v2,D:\資料\專題\PY\deepfake\研討會(二)\CelebDF_v2_balanced_test\test\real\real_id56_0009_f000072.png,real_id56_0009_f000072.png,real::real_id56_0009,real_id56_0009,real,0,0.4950920641422272,0
CelebDF_v2,D:\資料\專題\PY\deepfake\研討會(二)\CelebDF_v2_balanced_test\test\real\real_id57_0003_f000045.png,real_id57_0003_f000045.png,real::real_id57_0003,real_id57_0003,real,0,0.4727899730205536,0
CelebDF_v2,D:\資料\專題\PY\deepfake\研討會(二)\CelebDF_v2_balanced_test\test\real\real_id57_0003_f000078.png,real_id57_0003_f000078.png,real::real_id57_0003,real_id57_0003,real,0,0.4579850733280182,0
CelebDF_v2,D:\資料\專題\PY\deepfake\研討會(二)\CelebDF_v2_balanced_test\test\real\real_id57_0003_f000111.png,real_id57_0003_f000111.png,real::real_id57_0003,real_id57_0003,real,0,0.456758052110672,0
CelebDF_v2,D:\資料\專題\PY\deepfake\研討會(二)\CelebDF_v2_balanced_test\test\real\real_id57_0007_f000044.png,real_id57_0007_f000044.png,real::real_id57_0007,real_id57_0007,real,0,0.47381699085235596,0
CelebDF_v2,D:\資料\專題\PY\deepfake\研討會(二)\CelebDF_v2_balanced_test\test\real\real_id57_0007_f000075.png,real_id57_0007_f000075.png,real::real_id57_0007,real_id57_0007,real,0,0.4867813289165497,0
CelebDF_v2,D:\資料\專題\PY\deepfake\研討會(二)\CelebDF_v2_balanced_test\test\real\real_id57_0007_f000107.png,real_id57_0007_f000107.png,real::real_id57_0007,real_id57_0007,real,0,0.4656456708908081,0
CelebDF_v2,D:\資料\專題\PY\deepfake\研討會(二)\CelebDF_v2_balanced_test\test\real\real_id58_0002_f000046.png,real_id58_0002_f000046.png,real::real_id58_0002,real_id58_0002,real,0,0.44513756036758423,0
CelebDF_v2,D:\資料\專題\PY\deepfake\研討會(二)\CelebDF_v2_balanced_test\test\real\real_id58_0002_f000079.png,real_id58_0002_f000079.png,real::real_id58_0002,real_id58_0002,real,0,0.4545024037361145,0
CelebDF_v2,D:\資料\專題\PY\deepfake\研討會(二)\CelebDF_v2_balanced_test\test\real\real_id58_0002_f000113.png,real_id58_0002_f000113.png,real::real_id58_0002,real_id58_0002,real,0,0.43638184666633606,0
CelebDF_v2,D:\資料\專題\PY\deepfake\研討會(二)\CelebDF_v2_balanced_test\test\real\real_id6_0002_f000061.png,real_id6_0002_f000061.png,real::real_id6_0002,real_id6_0002,real,0,0.4499514698982239,0
CelebDF_v2,D:\資料\專題\PY\deepfake\研討會(二)\CelebDF_v2_balanced_test\test\real\real_id6_0002_f000105.png,real_id6_0002_f000105.png,real::real_id6_0002,real_id6_0002,real,0,0.43374159932136536,0
CelebDF_v2,D:\資料\專題\PY\deepfake\研討會(二)\CelebDF_v2_balanced_test\test\real\real_id6_0002_f000149.png,real_id6_0002_f000149.png,real::real_id6_0002,real_id6_0002,real,0,0.4498306214809418,0
CelebDF_v2,D:\資料\專題\PY\deepfake\研討會(二)\CelebDF_v2_balanced_test\test\real\real_id6_0005_f000037.png,real_id6_0005_f000037.png,real::real_id6_0005,real_id6_0005,real,0,0.45419979095458984,0
CelebDF_v2,D:\資料\專題\PY\deepfake\研討會(二)\CelebDF_v2_balanced_test\test\real\real_id6_0005_f000063.png,real_id6_0005_f000063.png,real::real_id6_0005,real_id6_0005,real,0,0.44298285245895386,0
CelebDF_v2,D:\資料\專題\PY\deepfake\研討會(二)\CelebDF_v2_balanced_test\test\real\real_id6_0005_f000090.png,real_id6_0005_f000090.png,real::real_id6_0005,real_id6_0005,real,0,0.44919630885124207,0
CelebDF_v2,D:\資料\專題\PY\deepfake\研討會(二)\CelebDF_v2_balanced_test\test\real\real_id7_0006_f000021.png,real_id7_0006_f000021.png,real::real_id7_0006,real_id7_0006,real,0,0.475475937128067,0
CelebDF_v2,D:\資料\專題\PY\deepfake\研討會(二)\CelebDF_v2_balanced_test\test\real\real_id7_0006_f000036.png,real_id7_0006_f000036.png,real::real_id7_0006,real_id7_0006,real,0,0.494185209274292,0
CelebDF_v2,D:\資料\專題\PY\deepfake\研討會(二)\CelebDF_v2_balanced_test\test\real\real_id7_0006_f000051.png,real_id7_0006_f000051.png,real::real_id7_0006,real_id7_0006,real,0,0.4959181547164917,0
CelebDF_v2,D:\資料\專題\PY\deepfake\研討會(二)\CelebDF_v2_balanced_test\test\real\real_id8_0000_f000047.png,real_id8_0000_f000047.png,real::real_id8_0000,real_id8_0000,real,0,0.43822914361953735,0
CelebDF_v2,D:\資料\專題\PY\deepfake\研討會(二)\CelebDF_v2_balanced_test\test\real\real_id8_0000_f000081.png,real_id8_0000_f000081.png,real::real_id8_0000,real_id8_0000,real,0,0.4398074746131897,0
CelebDF_v2,D:\資料\專題\PY\deepfake\研討會(二)\CelebDF_v2_balanced_test\test\real\real_id8_0000_f000116.png,real_id8_0000_f000116.png,real::real_id8_0000,real_id8_0000,real,0,0.4412215054035187,0
CelebDF_v2,D:\資料\專題\PY\deepfake\研討會(二)\CelebDF_v2_balanced_test\test\real\real_id8_0009_f000037.png,real_id8_0009_f000037.png,real::real_id8_0009,real_id8_0009,real,0,0.44958898425102234,0
CelebDF_v2,D:\資料\專題\PY\deepfake\研討會(二)\CelebDF_v2_balanced_test\test\real\real_id8_0009_f000064.png,real_id8_0009_f000064.png,real::real_id8_0009,real_id8_0009,real,0,0.4561675190925598,0
CelebDF_v2,D:\資料\專題\PY\deepfake\研討會(二)\CelebDF_v2_balanced_test\test\real\real_id8_0009_f000091.png,real_id8_0009_f000091.png,real::real_id8_0009,real_id8_0009,real,0,0.4547596871852875,0
CelebDF_v2,D:\資料\專題\PY\deepfake\研討會(二)\CelebDF_v2_balanced_test\test\real\real_id9_0000_f000044.png,real_id9_0000_f000044.png,real::real_id9_0000,real_id9_0000,real,0,0.49268200993537903,0
CelebDF_v2,D:\資料\專題\PY\deepfake\研討會(二)\CelebDF_v2_balanced_test\test\real\real_id9_0000_f000076.png,real_id9_0000_f000076.png,real::real_id9_0000,real_id9_0000,real,0,0.49259620904922485,0
CelebDF_v2,D:\資料\專題\PY\deepfake\研討會(二)\CelebDF_v2_balanced_test\test\real\real_id9_0000_f000109.png,real_id9_0000_f000109.png,real::real_id9_0000,real_id9_0000,real,0,0.49481460452079773,0
